dataset,model,n_patients,balanced_accuracy_mean,macro_f1_mean,accuracy_mean,macro_precision_mean,macro_recall_mean,weighted_f1_mean,mcc_mean,cohen_kappa_mean,macro_roc_auc_ovr_mean,weighted_roc_auc_ovr_mean,macro_pr_auc_ovr_mean,log_loss_mean,brier_score_mean,ece_mean,balanced_accuracy_sd,macro_f1_sd,accuracy_sd,macro_precision_sd,macro_recall_sd,weighted_f1_sd,mcc_sd,cohen_kappa_sd,macro_roc_auc_ovr_sd,weighted_roc_auc_ovr_sd,macro_pr_auc_ovr_sd,log_loss_sd,brier_score_sd,ece_sd,n_units
TCGA-BRCA,integrao,20,0.43333333333333335,0.2909722222222222,0.5,0.28402777777777777,0.325,0.45486111111111116,0.26372620680527514,0.2327824027824028,0.6703703703703705,0.6777777777777777,0.6864197530864198,1.3600857444891623,0.7282324331533799,0.3873288715343966,0.12018504251546633,0.09423700666896169,0.14086784586980805,0.09692165841735463,0.09013878188659974,0.13707594542739737,0.18900752023303843,0.17479444011952194,0.06607245472189364,0.060156688410299246,0.08085477279918524,0.1039838419735555,0.06346745079002537,0.022861858186388386,3
TCGA-BRCA,integrao,50,0.5416203703703704,0.46410341972841973,0.6066666666666666,0.4716666666666667,0.5108333333333334,0.5924418821918821,0.4289017719845818,0.4059856773791422,0.7470864197530864,0.7514876543209876,0.6387312120321379,1.415235460544216,0.6533142642667242,0.34970895651797607,0.07594775826577574,0.057404011323136425,0.05251983752196244,0.05137729786696757,0.07765218033713617,0.04274180685129663,0.0682122890982405,0.06309452785534911,0.07357508732052362,0.06418390376500059,0.07511420723922424,0.19019629352421782,0.04613435452088188,0.017497753279767554,3
TCGA-BRCA,integrao,100,0.6534154040404041,0.6219768289444138,0.7008333333333333,0.6580045301920302,0.6534154040404041,0.70218058910287,0.5553342808834886,0.5406802390848754,0.8392187954971108,0.8400367981500593,0.7125789307706466,1.1138465888236313,0.5008338735253163,0.28919552818273164,0.0464335863708409,0.04623659423446227,0.045368858629387325,0.054153627384350436,0.0464335863708409,0.04440853106100415,0.06767276082979469,0.06807955558968438,0.042866563979532056,0.02618252250418257,0.04698462962317541,0.1251987578959607,0.05018143344466791,0.011555216784216954,3
TCGA-BRCA,integrao,200,0.7396013708513709,0.7069071781327659,0.7399999999999999,0.7169953897613514,0.7396013708513709,0.7456214248381645,0.6167992076069923,0.6054940956959723,0.8851003761365602,0.8836500615447984,0.7673461200517736,0.9224429984847308,0.3951757703546989,0.193590431216672,0.09409611488718413,0.09514719458545756,0.09099278817576702,0.0876092988268247,0.09409611488718413,0.08937927755100385,0.1271889854836667,0.13199400930624455,0.06252010503094813,0.0629093290649277,0.1042719434036678,0.29314798429823186,0.1257495099002111,0.030477957483946206,3
TCGA-BRCA,integrao,300,0.8084524936868687,0.7779521294925237,0.7927777777777778,0.7700713288323957,0.8084524936868687,0.7977414234670265,0.690632555844129,0.6837168391697855,0.9421909813284648,0.9335225532599871,0.8613584271470875,0.5095801778017758,0.2954245495141223,0.13477461999003182,0.0133017923725264,0.018410185210090992,0.013471506281091339,0.019686051457716774,0.0133017923725264,0.012251285279607296,0.017812538388296325,0.018868201798990146,0.0061840027735222585,0.006420694394261907,0.027236899009664355,0.03690559650236397,0.02282563023768994,0.0057209915398293695,3
TCGA-BRCA,integrao,400,0.8135290928386859,0.7827717053935457,0.8002083333333333,0.7762750967173018,0.8135290928386859,0.8051997672439702,0.7030321178684412,0.6954474714684823,0.9340928323338512,0.9253267909979882,0.8406896298177594,0.6517297522791383,0.305842756498319,0.12236728192674713,0.03624396918176304,0.04145965705791283,0.03718793767249438,0.041717860124280984,0.03624396918176304,0.03671358942957567,0.05507817020993544,0.055788002362385375,0.023703552142812678,0.025429492127309775,0.04287773209670042,0.20096538769114092,0.04951124979048425,0.010981416684609332,3
TCGA-BRCA,integrao,500,0.8518641752004049,0.8296023269887854,0.8377053872053871,0.8219955768094692,0.8518641752004049,0.8418297216139131,0.7545800691599246,0.7497793565531863,0.9611226538094254,0.9540348323050862,0.8928654781987667,0.4338175754168338,0.24271179881694607,0.09694311106841964,0.013566400583175027,0.01271010563045503,0.0077408020685821605,0.009340406767331827,0.013566400583175027,0.006503293289478379,0.011133066121706212,0.011358287078256894,0.002579746295355499,0.0035831125314973286,0.007573321078003126,0.01266773809233863,0.011201603523523897,0.00733724105885945,3
TCGA-BRCA,logreg_early,20,0.5111111111111111,0.3511111111111111,0.6,0.3361111111111111,0.3833333333333333,0.5355555555555556,0.3466788806649648,0.3104895104895105,0.812962962962963,0.813888888888889,0.8166666666666665,1.4134137734338161,0.6201443265412566,0.3787153091516137,0.12619796324000607,0.11213005015671822,0.09999999999999995,0.12619796324000607,0.09464847243000457,0.12478129014547963,0.2175139251168392,0.1967152839115679,0.20125634207730553,0.20144156399239876,0.20207259421636917,0.9457589025403141,0.2698779002480663,0.13977349604978692,3
TCGA-BRCA,logreg_early,50,0.6377777777777777,0.5816735116735116,0.7466666666666667,0.5936309523809524,0.5988888888888889,0.7096864616864617,0.5892253088162445,0.5647796355057344,0.9250648148148147,0.9253148148148148,0.862760582010582,0.6482906136121815,0.34705047873279454,0.20453344164990891,0.0725973165507539,0.0755482064518656,0.030550504633038964,0.08828019114459411,0.06241290227485322,0.0430564988403534,0.07321208696579724,0.07862505890650259,0.014720710963663371,0.014217483296129442,0.026807313552885768,0.04573374027726361,0.025204182741485847,0.005372400463677045,3
TCGA-BRCA,logreg_early,100,0.7580050505050505,0.7503505970679883,0.85,0.7761380286380287,0.7580050505050505,0.8333295146077755,0.7629091290607759,0.7534502290754698,0.9410982356459329,0.9399232456140351,0.8737799542010772,0.5470705904162393,0.24956306039760304,0.14213184315299776,0.028209738260415496,0.03999656027685508,0.034641016151377504,0.05259033476628073,0.028209738260415496,0.036850112657343254,0.05809907027101955,0.05718983090523977,0.02516061343875733,0.023450722000903045,0.01830093706993798,0.15063132556384884,0.046275850664712355,0.012662739576544678,3
TCGA-BRCA,logreg_early,200,0.7997835497835498,0.8097176526380533,0.85,0.844145580138143,0.7997835497835498,0.8439777093288195,0.7614233801978546,0.7563794680916289,0.9455993784015987,0.9450030330869147,0.8784222107000624,0.5265762926648039,0.24280352542155992,0.12769420148572042,0.02561325020830796,0.020103719168435275,0.009999999999999981,0.020454005280551187,0.02561325020830796,0.010067277902929333,0.0184668089406151,0.01729300493804792,0.021506795854372398,0.018344490875527603,0.03464082898455826,0.1586672437485568,0.03281903463064015,0.013691988009430413,3
TCGA-BRCA,logreg_early,300,0.7910763888888889,0.7919115761258909,0.8122222222222222,0.8058455623003038,0.7910763888888889,0.8101114630564892,0.7029571206321389,0.6999007413487135,0.943188517855234,0.9318733896027546,0.8695725721567339,0.5491585409826657,0.28279779311948045,0.13318233327825849,0.0026593555168496394,0.0037686373343557363,0.0019245008972987808,0.010077920586526633,0.0026593555168496394,0.0025933529300991827,0.005154670646581661,0.004268595273066543,0.0041677208225991205,0.005744736362435735,0.005412402387642017,0.039096908605702786,0.01401308899994134,0.010603776120898885,3
TCGA-BRCA,logreg_early,400,0.8234157186482767,0.8212855115349592,0.8416666666666667,0.8321301355340748,0.8234157186482767,0.841764783596565,0.7525353109340674,0.7494745758698103,0.956862813513817,0.94958274336699,0.889242096360848,0.5322584155858276,0.24603844600788113,0.11877049259384588,0.027446880934322387,0.02030245059431735,0.025041632002194506,0.020798902026947938,0.027446880934322387,0.02521112288807217,0.03928487503187643,0.03984366294568153,0.007040659400351967,0.01162161170654427,0.015292562467972044,0.04935760841706124,0.03104332391341058,0.012146123717313464,3
TCGA-BRCA,logreg_early,500,0.8342949442088802,0.8381249536798099,0.8584444444444443,0.8537162407663743,0.8342949442088802,0.8576262427778291,0.7752834684564328,0.7734594414416515,0.965190245991454,0.9586156174940988,0.9019591324542814,0.48369960711017673,0.22391271221452838,0.10496826299900543,0.021362915173265582,0.019631604710947353,0.018204329498460608,0.017799349073809118,0.021362915173265582,0.01672533427362339,0.02831029338749815,0.027765426888843866,0.0038303151562064544,0.005424623841175574,0.004243002120013481,0.05363475086831139,0.023855208204316688,0.01505168646751502,3
TCGA-BRCA,logreg_late,20,0.5222222222222223,0.33722222222222226,0.6333333333333333,0.3055555555555555,0.39166666666666666,0.5244444444444444,0.378445297354832,0.3331986531986532,0.8740740740740741,0.8722222222222222,0.8888888888888888,0.9013912407421106,0.4926959587088467,0.35806070424415365,0.13471506281091272,0.10596557791898133,0.11547005383792512,0.10617508252009106,0.10103629710818447,0.12549162580884887,0.23328340419655413,0.20826914427937887,0.09049475350274536,0.10183501544346314,0.06735753140545629,0.05148747148065285,0.06798581223804315,0.061648291200588144,3
TCGA-BRCA,logreg_late,50,0.6772222222222223,0.6384651459651459,0.7733333333333333,0.6737301587301587,0.6411111111111111,0.7518948828948829,0.6419842259207665,0.6205403681294261,0.9366388888888889,0.9272592592592592,0.8960163139329805,0.6144438499390331,0.3358771507566785,0.2938776097413363,0.04945068624771921,0.052703908212484746,0.07571877794400368,0.05760248351704828,0.05124378914488975,0.07231178672817225,0.11683321909602472,0.12047498112976701,0.018091028188743866,0.018492685685651964,0.024733639209314224,0.06278216947856192,0.044491026484400245,0.013076435482303824,3
TCGA-BRCA,logreg_late,100,0.8113383838383839,0.8199260827739089,0.8533333333333334,0.8728706016206017,0.8113383838383839,0.8437344479996653,0.7724639286575264,0.7609862926072357,0.9584987539872408,0.9516162280701755,0.9153228388515822,0.4920141793472698,0.255275359001914,0.2255262838125467,0.02151426232335257,0.021039408585409692,0.015275252316519392,0.0439461327643837,0.02151426232335257,0.014206418841055935,0.02444133612034396,0.022181767372952136,0.026343127686801217,0.03135898373215481,0.046770322533965014,0.09855144413313795,0.05565523628738971,0.021597823288997276,3
TCGA-BRCA,logreg_late,200,0.8127705627705627,0.8211075447478436,0.8483333333333333,0.8517139165394313,0.8127705627705627,0.8456391159140274,0.7601373668074007,0.7559891506563795,0.9531435419901703,0.943736685998199,0.8906664347567066,0.4843377602828516,0.25558161905488946,0.18151351986335473,0.03356041890847418,0.0355137260324403,0.016072751268321556,0.031153601629517753,0.03356041890847418,0.019254875489090665,0.030304269742108144,0.029758363521083714,0.015336097061678206,0.01777125451803146,0.03294994655462307,0.04283393766019525,0.028568010491071227,0.019232590003889445,3
TCGA-BRCA,logreg_late,300,0.8388762626262626,0.8377418121905938,0.8477777777777779,0.8452742472059688,0.8388762626262626,0.847405481278587,0.7613327763896306,0.7587574309035018,0.9473103739110683,0.9360529434557212,0.8792671548730221,0.5027926922010554,0.26970275839230307,0.18073507269036995,0.010648392477666926,0.011637148779065867,0.010715167512214312,0.017008808451968557,0.010648392477666926,0.010588853406587176,0.015598381426412958,0.015619285424235666,0.0039115634042177615,0.005830089748975767,0.0030652736470434755,0.03620998469658145,0.01829085471919218,0.03148371972817166,3
TCGA-BRCA,logreg_late,400,0.852645432732642,0.8485061050028584,0.8666666666666667,0.8544333767476783,0.852645432732642,0.8672866084893281,0.7906543941600473,0.7889737853112183,0.9634184462039764,0.956841713060142,0.9038364086202639,0.4699720607468934,0.2426926386264736,0.17744537244462114,0.03505331623237985,0.039932436591314464,0.0276511000383951,0.043210828517489544,0.03505331623237985,0.026115101301471162,0.04147809649095309,0.04210187518991224,0.013480302654183608,0.012477558500953997,0.027054914012536253,0.04722390061282295,0.02507186436573593,0.00727787401095106,3
TCGA-BRCA,logreg_late,500,0.8534340677865173,0.8546611165354667,0.8637306397306398,0.8607686066685382,0.8534340677865173,0.8647203315117817,0.7852317642560122,0.784037655714644,0.96482781882197,0.9556160997311963,0.9067456527406405,0.4631319956007483,0.23823502823786366,0.16208768524019893,0.007763802323962901,0.005878735266043914,0.007233517573448814,0.003617335494043822,0.007763802323962901,0.0065872400667085764,0.01183468117118791,0.01150037730360181,0.001970676216005221,0.0012553503385743703,0.008567593247379678,0.005222276025391075,0.004020393125507214,0.0036868674872540803,3
TCGA-BRCA,mofa,20,0.5777777777777778,0.38999999999999996,0.6,0.38611111111111107,0.43333333333333335,0.5522222222222223,0.4494549330982897,0.40507936507936515,0.7518518518518519,0.7555555555555555,0.762962962962963,6.63147621983461,0.6664446689197311,0.44132277581071455,0.19531550923607718,0.15986973864159945,0.21794494717703367,0.1584064158820361,0.14648663192705788,0.2224380895973163,0.3170683266186139,0.30706971432750807,0.23069496008594012,0.22917929258148115,0.228003501525347,7.320906240017775,0.3632824530496758,0.1383223841703649,3
TCGA-BRCA,mofa,50,0.6009259259259259,0.5132032782032782,0.6333333333333333,0.5201190476190476,0.5694444444444445,0.6147335627335627,0.4811231590462311,0.4574921160784538,0.7361342592592592,0.7381481481481481,0.6594470899470899,6.518492003284217,0.6391932272212367,0.35535944620460747,0.13795724571797785,0.11828096027896551,0.11015141094572203,0.12403933570735165,0.12580113642541518,0.10673377118884594,0.15905706992296093,0.16090697689371733,0.08043348309745946,0.10320129457349894,0.13050406251878596,3.861461205124792,0.23067634795662953,0.10892479275117128,3
TCGA-BRCA,mofa,100,0.6807070707070707,0.6480909967250659,0.6833333333333332,0.6528553391053391,0.6807070707070707,0.6872341684055913,0.5410028495732871,0.5277146011341864,0.7580131218988128,0.7598933966861598,0.6410889652377831,5.484464504791614,0.5565843922112692,0.31015854078998933,0.03401796348413889,0.044296166261505635,0.05859465277082321,0.047497663983284415,0.03401796348413889,0.05364938015513958,0.07424158645084869,0.0765905855217305,0.009798460866980364,0.03386345748896989,0.0287817253644396,1.4918318729406768,0.10528060303756773,0.05920135543146473,3
TCGA-BRCA,mofa,200,0.7446699134199134,0.6953380110723789,0.7283333333333334,0.6923369993010086,0.7446699134199134,0.7354666739218964,0.610627291145562,0.5961835992866363,0.8525931346295245,0.8432057816638409,0.717600806662253,2.761956742990968,0.4663160905107277,0.21810685654998788,0.031470590973509835,0.024528235183062626,0.03617089069035116,0.013140445149175117,0.031470590973509835,0.03675030741190378,0.04263442438055001,0.047524863982840115,0.017423814639732537,0.028579951732704195,0.024631121213924887,0.6963680792781989,0.058593390415453646,0.035874496254199105,3
TCGA-BRCA,mofa,300,0.7758459595959596,0.7394537703246234,0.7555555555555555,0.7293456031148947,0.7758459595959596,0.763132055319847,0.6429076481028434,0.632016103288242,0.899232280560232,0.8884107089412646,0.7868106229037147,1.2938077403621513,0.3674367472855253,0.1440878064966243,0.04275299742962991,0.0320593800012691,0.024113927126900837,0.029388833785903356,0.04275299742962991,0.023618190044187824,0.043940720418782206,0.03922936884626321,0.032583240317124035,0.032411733551036485,0.0480208291710592,0.5062000396582448,0.04533250669449051,0.012914500691005635,3
TCGA-BRCA,mofa,400,0.7740935727708984,0.7387013676509794,0.7508333333333334,0.7358590045535696,0.7740935727708984,0.7598742404169885,0.6406754624774343,0.6280696950452426,0.9037566938909462,0.8929970954570697,0.7764371398710924,1.3540907425754398,0.3766347389977866,0.1482030674548952,0.04560881902130635,0.05189184340568427,0.034490336810958144,0.05827871677819962,0.04560881902130635,0.03267046922735765,0.05250509692525345,0.049135923026048495,0.0413272134904453,0.038686435192086026,0.0617949453722914,0.9130654943842237,0.05862935004099841,0.03905381509958135,3
TCGA-BRCA,mofa,500,0.8030387704936696,0.7678897335152998,0.786969696969697,0.7567215290814074,0.8030387704936696,0.7938653808207516,0.6895917657525192,0.6797774844881599,0.9138991788601847,0.912995421635423,0.7856198075757709,1.072439904678607,0.3316308772143058,0.12022130819086406,0.029001741253675974,0.025519031490391374,0.015554414230726064,0.02218598774874887,0.029001741253675974,0.01385148357049849,0.020897423340252224,0.02175779249255346,0.02807706682210623,0.017150391878082292,0.06320885971986066,0.3382035305607785,0.0277542265681808,0.014511597976364789,3
TCGA-BRCA,pca_logreg,20,0.2111111111111111,0.1461111111111111,0.21666666666666667,0.14722222222222223,0.15833333333333333,0.20333333333333334,-0.03585101986190569,-0.03977799977799978,0.46944444444444455,0.4708333333333334,0.4407407407407407,27.1040066009939,1.547256714761159,0.7879886566487603,0.06938886664887109,0.05503365973387292,0.05773502691896258,0.07184731753543092,0.05204164998665332,0.06887992773257275,0.10272916691701156,0.10742283057529585,0.060921422776281396,0.06548430685625714,0.03781588491974468,1.792651406233157,0.09742775481728852,0.040817153545557955,3
TCGA-BRCA,pca_logreg,50,0.5735185185185184,0.5171844821844821,0.6666666666666666,0.5508134920634921,0.5383333333333333,0.6426180486180487,0.46861008599942694,0.4471964859397854,0.7908356481481481,0.7973425925925927,0.7162612433862433,3.6157252189605202,0.540786624808347,0.3347978820320659,0.008057151821410057,0.019741451789847417,0.07023769168568492,0.05336774550599877,0.0028867513459481953,0.053135673379319355,0.1020529813740359,0.09212901698562911,0.055150807002152566,0.060448173989651084,0.09101565454912346,2.6005062668039916,0.11543267757440115,0.027099664922030888,3
TCGA-BRCA,pca_logreg,100,0.6656060606060606,0.6588687600644122,0.7799999999999999,0.6866419691419692,0.6656060606060606,0.756876550180898,0.6498565437411579,0.6352615820640847,0.9057937260895853,0.9059425811260177,0.8300979757950012,1.0577499197976754,0.32678434043141885,0.1921166350422202,0.046975378444262014,0.05683687398396718,0.06244997998398404,0.06805910513334,0.046975378444262014,0.0672475599335224,0.10774757278625395,0.10486692430572285,0.007428370002803669,0.02826573370937198,0.045662595553941566,0.40325950665995963,0.07803878052880764,0.04800860253955404,3
TCGA-BRCA,pca_logreg,200,0.7459415584415585,0.7492639789898482,0.8083333333333332,0.7776039612387035,0.7459415584415585,0.8026745991258998,0.6956902171775878,0.6915571252712596,0.9252671057666947,0.9250105226338778,0.8374616370346025,0.5855361786672586,0.2909387745432521,0.14299809443619402,0.03330129841711039,0.04847095677339743,0.04752192476461088,0.059652203042278244,0.03330129841711039,0.04426354879256545,0.0713815377853304,0.07152583220324413,0.03861215678068537,0.028262705622341833,0.05943243756773959,0.18313752517228166,0.06400988688999881,0.023767108533481456,3
TCGA-BRCA,pca_logreg,300,0.766969696969697,0.7713646783505511,0.8044444444444444,0.8049278573055476,0.766969696969697,0.8038801706157757,0.6923083284171686,0.6884275092183261,0.9201174368161968,0.9102599408674806,0.8351895561526504,0.6733960964636078,0.31226764785413835,0.13806414436460654,0.016050795562664366,0.004992409329091018,0.010183501544346244,0.012585231263451579,0.016050795562664366,0.00846612955568181,0.011483101883417876,0.013382605027698707,0.005700593385744724,0.005027429422182658,0.011544368569070287,0.06137588169684954,0.018497823149968447,0.013474590433965029,3
TCGA-BRCA,pca_logreg,400,0.784680861773885,0.7813768529401216,0.8091666666666667,0.7956083589843485,0.784680861773885,0.8117899739540743,0.7049297268343979,0.7007403820869937,0.9329442625280869,0.9247494988522386,0.8381101068593458,0.8169464528453289,0.29456808733187523,0.12589798849179548,0.03983387084769287,0.04597604543492697,0.03986957904635227,0.05388801426899881,0.03983387084769287,0.039235068949477266,0.060529632855469105,0.06010281924562822,0.014021094919471275,0.019615187823293984,0.04087387693953141,0.34277872416860666,0.05645131988486588,0.024372590695828956,3
TCGA-BRCA,pca_logreg,500,0.8219129103331354,0.81574463078912,0.8383771043771043,0.8221721291776577,0.8219129103331354,0.8409829586183483,0.7494716800975013,0.7464632211648432,0.9517700900058713,0.9464136811575496,0.8739963483095865,0.6022024996343099,0.24609571815729772,0.1014977596469373,0.01703480697779267,0.016092252358938488,0.010293466215183449,0.016758027471242703,0.01703480697779267,0.010490780247914399,0.0176757461832723,0.017564452676042903,0.0035028867044115163,0.0009797011313721449,0.009516036269661165,0.08595221751395275,0.011042595737088401,0.006560554130177351,3
TCGA-BRCA,pnet,20,0.37777777777777777,0.22888888888888884,0.43333333333333335,0.2111111111111111,0.2833333333333334,0.355,0.11577145566534607,0.09548821548821551,0.5675925925925926,0.5652777777777778,0.5462962962962963,11.957475986825102,0.9410424761891584,0.4824136570096016,0.05091750772173155,0.06395165998482615,0.028867513459481266,0.07742977702647974,0.03818813079129868,0.06584915421712806,0.07621397818832451,0.07116427458693929,0.022280017436140637,0.02369266959615552,0.04018987854483463,3.4934080048848775,0.06797418235849002,0.05928065302427712,3
TCGA-BRCA,pnet,50,0.5392592592592592,0.48478216228216225,0.6733333333333332,0.5013029100529101,0.5105555555555555,0.6257572427572428,0.45886256644412066,0.4216045927751088,0.808287037037037,0.8043518518518519,0.7248249559082892,3.672814493906934,0.48091857876747374,0.30219111720720926,0.026042067898143614,0.04710180346788533,0.023094010767585042,0.06270036016833509,0.024113927126900758,0.05019782878696954,0.04572017439620523,0.06971434134137931,0.10498521843828766,0.0940711960043853,0.1130618898846371,3.1016969644029864,0.09598840911012975,0.06495066084738524,3
TCGA-BRCA,pnet,100,0.5859090909090909,0.5908657260059059,0.7433333333333333,0.6701573414402362,0.5859090909090909,0.7019146057230016,0.5694744428276013,0.5361837929157168,0.7810858085824707,0.7817700020066506,0.7145340230693981,3.9968664758977854,0.41609660370439344,0.2546805087725322,0.06535271083582107,0.05948033707150878,0.045092497528228984,0.03538291466061953,0.06535271083582107,0.052078201911023254,0.09581957141018041,0.10199833880275361,0.13330591665219824,0.12520596068436135,0.11857486146325776,3.16318695549821,0.10855528542900748,0.027540804082132418,3
TCGA-BRCA,pnet,200,0.7100829725829726,0.7173918890197463,0.7933333333333333,0.7659730331396998,0.7100829725829726,0.7774643102340889,0.6665758941426841,0.6569572553969164,0.9018401454924891,0.8958143157361907,0.8142754878786004,1.4921953911299168,0.3081322004361125,0.1461111410458883,0.06820211452645061,0.07100116392517036,0.05033222956847172,0.07942341533567522,0.06820211452645061,0.05534206819660927,0.08898547702650919,0.08908266948236394,0.0834617082189441,0.08405101098876078,0.10093345974584565,1.7681532218109588,0.10026184701767463,0.05222572040674151,3
TCGA-BRCA,pnet,300,0.7662405303030303,0.7697659116260848,0.8155555555555556,0.8118801383554187,0.7662405303030303,0.8034163191275429,0.7060875103005237,0.6966010803002343,0.9305014110898288,0.9187212377936583,0.848741589682677,0.8134206399227462,0.27401252562251094,0.11908818433682121,0.027434637174391402,0.026770243892360535,0.013877773329774237,0.018504419581586832,0.027434637174391402,0.021446695502568586,0.020579207337506063,0.02915979913454996,0.023812622749767007,0.02384931654377687,0.027838737791955104,0.609013478631361,0.029597836951787828,0.026806861381177265,3
TCGA-BRCA,pnet,400,0.7821155282056443,0.7948453255284104,0.8266666666666667,0.8298144740988388,0.7821155282056443,0.8205141889271008,0.7221631245657272,0.7149100474221918,0.914862589338996,0.9031160398243553,0.8428477331407308,1.2470337887230463,0.273705248467664,0.1147232485562563,0.007020020115939371,0.0015516511068959448,0.01010362971081843,0.013158966381058377,0.007020020115939371,0.014435277060227217,0.017949814565130316,0.021172624765549816,0.013112652798044454,0.020373136041564686,0.005003780865799726,0.2529408108309706,0.02576995034830088,0.014130122762175262,3
TCGA-BRCA,pnet,500,0.7425215729750652,0.7681388358987215,0.8069158249158249,0.8201975074158115,0.7425215729750652,0.797563194337045,0.6866787330201722,0.675083523125001,0.8754270967025071,0.8719940639512859,0.8118561439770108,1.9329808925376322,0.30404254225930977,0.12975197941747177,0.042997668771837035,0.04217326488172698,0.03528183397624055,0.04708494746926569,0.042997668771837035,0.035107397272066965,0.06161012707676212,0.05941040194180697,0.04563640274288729,0.04184588138023413,0.04546810492656075,0.6745336730511731,0.04288297606810997,0.018580822547298502,3
TCGA-BRCA,svm_early,20,0.4888888888888889,0.31055555555555553,0.5666666666666668,0.2805555555555555,0.3666666666666667,0.47388888888888897,0.31102871961495493,0.283011803011803,0.7166666666666667,0.7083333333333334,0.7425925925925926,1.200534214302862,0.6399557237434262,0.31163113135649034,0.22194427061597974,0.16626896995642443,0.20816659994661332,0.16548190009562752,0.16645820296198482,0.22332296825035294,0.3743605371041018,0.33743423384929644,0.25718082220228233,0.2670570059827011,0.2006419737893608,0.5000733030793905,0.25603422224866984,0.09472652033858858,3
TCGA-BRCA,svm_early,50,0.6374074074074074,0.5655824730824731,0.7333333333333334,0.5673809523809524,0.5966666666666667,0.7077803307803308,0.5875192595945524,0.5688070530519138,0.8618009259259258,0.8799444444444444,0.7787632275132275,0.8349175070572873,0.3975704107556692,0.21702270702874485,0.10303171831734084,0.09846351075450062,0.08082903768654769,0.10736194531391141,0.0933779655188763,0.09361033936058734,0.15222522094871666,0.15025978649888994,0.03314718082594384,0.031158347077349872,0.038512576217606335,0.22138020112960208,0.09720846369495685,0.042091275010260144,3
TCGA-BRCA,svm_early,100,0.7236868686868686,0.7116005757502594,0.8066666666666666,0.7281433381433381,0.7236868686868686,0.7966128711818037,0.7024472764001577,0.6935334143832382,0.9023931543244624,0.9186231223483546,0.8219775589464584,0.7333711368201682,0.31963112756741013,0.15571913098527224,0.0349777193063336,0.03407574373601972,0.030550504633038947,0.039833836320626044,0.0349777193063336,0.03085690526567189,0.04761274150864289,0.04780334311009999,0.04924745971298914,0.03421803407191568,0.039887899813155867,0.15389631800214085,0.04838258085087941,0.028529402141509324,3
TCGA-BRCA,svm_early,200,0.7787698412698413,0.7731594195786081,0.8066666666666666,0.7988036815153857,0.7787698412698413,0.8080656930891577,0.707320670340974,0.6999261528574846,0.9227173076988043,0.9189094544604414,0.8136060631531997,0.7194850531810526,0.3135400553551561,0.1336047592964276,0.012102243793817158,0.0145103273380288,0.030550504633038947,0.039515010521650844,0.012102243793817158,0.027698227736801168,0.041108211361779355,0.04299290225911789,0.011156260585982194,0.01768118066313895,0.015291270921336622,0.06943679311242644,0.03627775666339721,0.014084270541396281,3
TCGA-BRCA,svm_early,300,0.7812026515151516,0.7717163736987924,0.7966666666666667,0.7825119391958908,0.7812026515151516,0.7971262506373141,0.6855119066881731,0.681515064025974,0.9179166439288959,0.9038713316078395,0.8089215562940245,0.6398478706452142,0.3206730254153607,0.12808982417144127,0.015786530184541698,0.010952863640238859,0.0033333333333333826,0.018304640602311094,0.015786530184541698,0.004976863592011862,0.011924715706161144,0.009280459959734743,0.009520670210811807,0.014015948891088167,0.021125786086017537,0.06519049429688893,0.016874971782216593,0.008365596416695766,3
TCGA-BRCA,svm_early,400,0.8254826713983691,0.8134294697233208,0.8191666666666668,0.8200963884966322,0.8254826713983691,0.8248828127873157,0.730877576566897,0.7235081560869885,0.9414715658285479,0.9352301737642064,0.8498314507775028,0.5764987526065614,0.2728747101344053,0.10863111082116983,0.016052922258236027,0.007966850028200504,0.020052015692526636,0.0019003878152551433,0.016052922258236027,0.0181547429588172,0.02548970188303746,0.02791829750669206,0.006008783327700689,0.010403533169712568,0.012611629631100183,0.07904359104385289,0.011514900770499338,0.0029172538400868164,3
TCGA-BRCA,svm_early,500,0.8386512402599792,0.8268480563705524,0.8384377104377104,0.8245917924692904,0.8386512402599792,0.8415339539833356,0.7543933424631618,0.7501007100593725,0.9532053426891972,0.9468722101396908,0.8588110274276178,0.5388139299769248,0.2566918342142464,0.10234402386261933,0.0018281048195476692,0.003403741938839675,0.007548755469964939,0.00679837135752169,0.0018281048195476692,0.007166395537342331,0.008798566148762432,0.009957933710041585,0.004578390062199585,0.007974601758383763,0.0028263944081371086,0.03160356327049205,0.009315387787865448,0.0006285118994058902,3
TCGA-KIPAN,integrao,20,0.4763888888888889,0.32976190476190476,0.49583333333333335,0.3314814814814815,0.36481481481481476,0.47349206349206346,0.15736529717074016,0.14014670514670516,0.6030864197530864,0.5805555555555556,0.700925925925926,1.3503331662825804,0.6990713861300963,0.38265838214395265,0.01924500897298756,0.0053281106325387285,0.007216878364870309,0.00446465313008931,0.0016037507477489749,0.007483526251370421,0.02752814128717507,0.027466220329547326,0.032766964806411315,0.03367876570272805,0.014254448442908027,0.18486256193279274,0.033738347000307596,0.02414344357428359,3
TCGA-KIPAN,integrao,50,0.625462962962963,0.5518775052108384,0.665,0.5769113756613756,0.5805555555555556,0.6669734247234246,0.4293340454416839,0.40821148090406134,0.7710684891240446,0.7573721340388007,0.7248884234763864,1.279726178692314,0.5473863239900992,0.3226124618913114,0.10510304443050003,0.11684475281772187,0.08674675786448732,0.1252656102420191,0.10592952758704632,0.08582284979436734,0.13768626836055192,0.1384973736830997,0.06640596016483133,0.06391835142485566,0.08313876665937601,0.2249431994985931,0.0982601552237404,0.010384077816274699,3
TCGA-KIPAN,integrao,100,0.7095238095238096,0.6586749225640957,0.7575,0.6739575239575238,0.7095238095238096,0.7646052240101473,0.594674205118671,0.5735662242071146,0.8179992954846756,0.8287862462423865,0.7182132208995323,1.5539141109214771,0.45987740506170766,0.2962796971159652,0.0055021526285166655,0.020707319792935743,0.013228756555322954,0.020998178821948026,0.0055021526285166655,0.008871692051426664,0.009898240766094944,0.012153787063831328,0.010721771568231503,0.0006161145995875387,0.03699838562849725,0.17113235447962458,0.03612189420866862,0.015899841363962827,3
TCGA-KIPAN,integrao,200,0.8246647776539081,0.7945253402437977,0.8562500000000001,0.793389424667324,0.8246647776539081,0.8585649294166533,0.7438851433697642,0.7373015246325504,0.9039907724876821,0.8980458031560973,0.8159547108008427,1.1553905009480687,0.3007030246238304,0.2112152486304335,0.032440265736646774,0.028850769077751713,0.019405218370325043,0.028042947171516973,0.032440265736646774,0.018881608159079816,0.03420696821883144,0.03517170697605307,0.04019723127749781,0.03702746210363084,0.05069242887563648,0.3321643145068057,0.06472878748587092,0.027851636691290822,3
TCGA-KIPAN,integrao,300,0.8189879792072775,0.7934646251695471,0.8538888888888888,0.792370422087358,0.8189879792072775,0.8552505909241815,0.7393500166152669,0.7327946451788233,0.9020020987416485,0.9062781486956283,0.8120579485667615,1.0646262285975858,0.29342903758534034,0.2038693327885693,0.021637404235737196,0.02903259340605465,0.021751968833835428,0.033477208034063795,0.021637404235737196,0.02323465256849979,0.04105980434146316,0.04250276445573207,0.008095357147334186,0.01331862295053906,0.021143158705500688,0.2538297556465535,0.013727635274441787,0.024843485795292566,3
TCGA-KIPAN,integrao,400,0.8476404909117675,0.8267918531045879,0.8693749999999999,0.8242849856979394,0.8476404909117675,0.87075907757407,0.7648563850680787,0.7607768273189595,0.9163688347559411,0.9172397280033078,0.8341569345481427,0.955465486443627,0.2588346609154196,0.16616840454408274,0.020981817057387452,0.02477753730319672,0.013919410907075082,0.024308812011215278,0.020981817057387452,0.01356831372681503,0.024784592385177093,0.02504387435307858,0.01630409492135718,0.01607509419331095,0.020395522699397584,0.11229158334742512,0.03086076764093973,0.017991851005810116,3
TCGA-KIPAN,integrao,500,0.8417214042496529,0.8144844502486034,0.863,0.8100037208701646,0.8417214042496529,0.8643747952850068,0.7576091321634603,0.7513282634863394,0.9265126443143995,0.9264317464311861,0.841207563444805,0.9173445608511973,0.2560098686095011,0.1571910749599842,0.009493319113988315,0.005657700187004007,0.006264982043070897,0.004307160658414207,0.009493319113988315,0.006965252559624877,0.013686455984051521,0.01310648845547831,0.01427775976887615,0.00665203245873143,0.008753278638521957,0.059636183699422876,0.007672646592893036,0.005192744236588054,3
TCGA-KIPAN,logreg_early,20,0.7666666666666666,0.5488888888888889,0.7833333333333333,0.5444444444444444,0.5888888888888889,0.7505555555555556,0.6679449510442647,0.6292929292929292,0.9018518518518519,0.9,0.9203703703703704,1.4053985280020245,0.3703511691361801,0.22642259877911486,0.09999999999999998,0.07909987435803414,0.10408329997330668,0.06666666666666665,0.0777777777777778,0.10146610453925171,0.1875424412059059,0.19109947217211984,0.13634711210518496,0.1371839802762861,0.1000514271054822,1.4514442465987767,0.19840552139383785,0.08812667450698905,3
TCGA-KIPAN,logreg_early,50,0.8666666666666667,0.7845225145225144,0.92,0.784021164021164,0.7999999999999999,0.9088230658230657,0.8623494705795617,0.8493930405030058,0.9750881834215167,0.9774867724867725,0.958289241622575,0.24524667275038756,0.11731009765124378,0.09441692270250916,0.019245008972987594,0.03554268744940223,0.0346410161513775,0.04889928083052802,0.019245008972987497,0.03254056750296465,0.056195908749775446,0.055803406293376226,0.016803280973847153,0.014018967582778938,0.02993668062464735,0.07902229427386531,0.054008665675601614,0.04062687515457633,3
TCGA-KIPAN,logreg_early,100,0.8722222222222222,0.8600170489735707,0.9333333333333332,0.8702923619590286,0.8722222222222222,0.930169382791122,0.8818308103304373,0.8744439119958094,0.9580444165970482,0.9847681704260651,0.9226192653072353,0.3415135917414207,0.1152473001382487,0.07543989994620408,0.03469443332443553,0.03866476582781077,0.01527525231651945,0.031701602934788096,0.03469443332443553,0.016397457407647753,0.027211099694017252,0.029276954816830486,0.037841095773456075,0.0063272156567593186,0.0222636934900944,0.09476075585191138,0.02165847109136486,0.013562938566478513,3
TCGA-KIPAN,logreg_early,200,0.9493496841322928,0.9336335317967551,0.9566666666666667,0.9285779759692803,0.9493496841322928,0.9572172844400719,0.9208413723190595,0.9195464428688297,0.9925399426069893,0.9909589675459772,0.9787523766040046,0.20856471475180993,0.07124438211569213,0.04852438252837212,0.0038103182655900903,0.003850992467852372,0.002886751345948059,0.007329676418614206,0.0038103182655900903,0.0031154094209129533,0.00572475741971951,0.005292381329520287,0.004523349657422143,0.005929021514841654,0.011492836069531841,0.09436093523468103,0.018768253626996335,0.008374218589040566,3
TCGA-KIPAN,logreg_early,300,0.9403490206998978,0.9105097489511443,0.9455555555555555,0.8979658255060956,0.9403490206998978,0.947389163377269,0.9035372332527344,0.9009154156751996,0.9895785147870085,0.9886760901699926,0.9725943981058661,0.233543565216671,0.08554832739465335,0.04950623518775649,0.030968117725047307,0.04479964044270731,0.025239592648001196,0.057194753323582634,0.030968117725047307,0.024270895446742838,0.04400344615696368,0.045416604790885974,0.0034507184215409486,0.003825298257639431,0.01376406886909157,0.07838734251037513,0.03252417037787576,0.016086690716462397,3
TCGA-KIPAN,logreg_early,400,0.9380259960685492,0.9159571877657315,0.9508333333333333,0.9072493723819871,0.9380259960685492,0.9528793993027538,0.9124466541697411,0.9101655652555838,0.9885665981294042,0.9933725204358054,0.9698305106356653,0.2087592828983099,0.08381619861893806,0.04909531526737701,0.019683573981391173,0.012045026091608063,0.008779711460710559,0.006322207271917746,0.019683573981391173,0.009782458845356494,0.017824015090920894,0.01740343210340943,0.003393411048437424,0.0028888303354253015,0.009425861776974168,0.04243995404826167,0.01600661565715881,0.007451922893810818,3
TCGA-KIPAN,logreg_early,500,0.944321701002492,0.9100302917773124,0.9453333333333332,0.8879295525530333,0.944321701002492,0.9472026093253545,0.9020114787481961,0.9000824840164453,0.9900554462091304,0.9926469548175413,0.9775894233537511,0.22374768326825967,0.08311505307364135,0.04457499862461182,0.007860272476404931,0.006185942878894008,0.0057735026918962545,0.00499243549938923,0.007860272476404931,0.005959591811232512,0.010751864843089529,0.010848021075387035,0.0033347370126888118,0.0007520438510975439,0.004646590133990993,0.009754772537706333,0.0038828981887468095,0.001351393396254283,3
TCGA-KIPAN,logreg_late,20,0.8333333333333334,0.6237037037037036,0.8333333333333334,0.6333333333333333,0.6481481481481481,0.8188888888888889,0.7796406933982923,0.7376430976430978,0.9259259259259259,0.9194444444444444,0.9518518518518517,1.7129874646130456,0.3247975233667007,0.2786031258722122,0.08819171036881972,0.08025678951574426,0.07637626158259733,0.09094836413191605,0.08486251286955254,0.07269291065337287,0.10763634179669518,0.12172372392496018,0.07056503290095419,0.05292377467571562,0.0689612821532053,1.8347229000281529,0.04547040220429094,0.012756998621177977,3
TCGA-KIPAN,logreg_late,50,0.9037037037037038,0.828959188959189,0.9400000000000001,0.8264550264550264,0.837037037037037,0.9342217782217782,0.8933480900588062,0.888037716211091,0.9631393298059964,0.9716402116402115,0.9589506172839507,0.5131039206693929,0.1421000343764505,0.1805717382049593,0.08339503888294594,0.08810345014260726,0.040000000000000036,0.09170130360977569,0.08339503888294597,0.044422615603733555,0.07310948445886824,0.07487373778725086,0.048396492598948876,0.03328173759402046,0.04029994423393588,0.39657067633748017,0.021610112124291227,0.015843212463887667,3
TCGA-KIPAN,logreg_late,100,0.921957671957672,0.9126189655754873,0.9533333333333333,0.9198357198357199,0.921957671957672,0.9514748217965608,0.9159195560512297,0.9117705910533626,0.9858043881070198,0.9873734817813765,0.9622995882718105,0.22017872407723357,0.09817462074602677,0.13493313729161546,0.03086407155429061,0.04173728688687371,0.011547005383792509,0.048260520918872445,0.03086407155429061,0.011899286405982826,0.02378560593529597,0.02511066422256298,0.007358612115531753,0.008642935252025976,0.019239253876908252,0.03050729122363218,0.013556262898824214,0.008301252909712729,3
TCGA-KIPAN,logreg_late,200,0.9650594574507618,0.9578452480202917,0.975,0.9582137106050149,0.9650594574507618,0.9753710937028389,0.9548295950761695,0.9536688397698664,0.9971265804927713,0.9966412613593986,0.9899029514448968,0.16756953960826304,0.06635232222969978,0.11795809110657128,0.009537941426496582,0.017455186683704795,0.015000000000000012,0.02536419440991376,0.009537941426496582,0.014308179273525727,0.026678052022240016,0.027438438874207285,0.0015893492428533209,0.001303752060309134,0.008315656030735908,0.004121077106714071,0.008119299043724578,0.0056776551885137985,3
TCGA-KIPAN,logreg_late,300,0.9524347906804046,0.9387401913607004,0.9633333333333333,0.9329980849330695,0.9524347906804046,0.963981047133351,0.9341689805953045,0.9328449219906352,0.9951746654487632,0.995238096411267,0.9805787092188961,0.18928992174349002,0.07815361653285657,0.11144202678987086,0.010294701945697033,0.021782326895246305,0.013333333333333308,0.034397256643719225,0.010294701945697033,0.012311026445102888,0.023025072381631036,0.023993084697918565,0.001101013161468421,0.0007847988053363755,0.006538667512628126,0.01442183770220988,0.010711598711349852,0.003959587372039191,3
TCGA-KIPAN,logreg_late,400,0.9553276266680522,0.9491851019021755,0.9658333333333333,0.9474894961854269,0.9553276266680522,0.9662197660124049,0.9374200063687663,0.9366345126503949,0.9933493355822282,0.9950829158535351,0.9842835036007173,0.19116617582927417,0.07409405252271813,0.11270038060612636,0.008226750769761206,0.015770118368083678,0.009464847243000382,0.02382737350320752,0.008226750769761206,0.009128504756511805,0.01707868659883095,0.01714779020338553,0.005147390769551892,0.0029658461079059644,0.0109405421904715,0.02546929472948415,0.011522737286270542,0.010698415946943976,3
TCGA-KIPAN,logreg_late,500,0.9409822566531606,0.9428983682169051,0.9626666666666667,0.9507200534075243,0.9409822566531606,0.9621965361197459,0.9310527864565099,0.9301065416965009,0.9946831330821625,0.9963827311531247,0.983897056134594,0.17906991375241121,0.07477913906256456,0.10826481683641491,0.016930159153378636,0.011178728716186515,0.002309401076758553,0.004073664764422739,0.016930159153378636,0.0027191194819375162,0.004265453390239155,0.004517397287994143,0.0048829069528448414,0.0018724960465402454,0.011806454624404621,0.009571455297526283,0.004238997878665725,0.006790904155648084,3
TCGA-KIPAN,mofa,20,0.5777777777777777,0.41851851851851846,0.5833333333333334,0.44814814814814813,0.4444444444444444,0.5822222222222222,0.3650780821308473,0.3197306397306397,0.6449074074074074,0.6430555555555556,0.7212962962962962,8.410076220756837,0.7682277951601243,0.4601614387649886,0.12509255832441887,0.10003291639325486,0.11547005383792516,0.10560427725469079,0.12222222222222222,0.11043265083466201,0.18770791451969163,0.16147043092968832,0.08633855863876198,0.1127569083044155,0.06094252841446052,4.85111235253388,0.24053154651608488,0.09938529482618176,3
TCGA-KIPAN,mofa,50,0.48333333333333334,0.4375080475080475,0.5466666666666666,0.47410052910052913,0.45555555555555555,0.5454625374625375,0.26758931098914107,0.2472317578579443,0.6064153439153439,0.6392460317460317,0.5842805702527925,12.241488558283637,0.8711768169264822,0.44814973527542495,0.21094657330737437,0.21299979087829862,0.1514375558880073,0.1947988725302615,0.1977496858950854,0.16389987800121256,0.21405706490254015,0.2238594963925624,0.14731155214253164,0.08805318601645992,0.16319567554310527,5.0825367372524894,0.3028075541636115,0.14462193454483,3
TCGA-KIPAN,mofa,100,0.5179894179894179,0.4880909363574146,0.56,0.5349350649350649,0.5179894179894179,0.5863741103125947,0.32065920550477944,0.2992381643822239,0.5812687434397961,0.5989252779384358,0.5187898981686759,11.831703087704026,0.8486842978819888,0.4341228305582394,0.087770505932222,0.054899810112531776,0.030000000000000027,0.05599025991781403,0.087770505932222,0.019320585460388923,0.05352638178766401,0.04816108962073352,0.09707468713875142,0.0529089075157594,0.05442594754490981,1.2526223993068015,0.06801979454540218,0.028304030987257502,3
TCGA-KIPAN,mofa,200,0.5640034683512943,0.4834149913000941,0.5216666666666666,0.5013677737810864,0.5640034683512943,0.5167381949689952,0.2825512108578811,0.2622466255947748,0.6120646638780342,0.572604712555693,0.47531300722751274,15.285715792434244,0.9402758938960978,0.4761284529638334,0.10294956275164414,0.0976898408752445,0.10774197572595991,0.10491190508653796,0.10294956275164414,0.11801928058901058,0.1398190857615667,0.11908104263773706,0.06207106191371135,0.05141379934354785,0.06789195324597966,4.826113355513426,0.22523430078929865,0.10878932405211601,3
TCGA-KIPAN,mofa,300,0.5098292026362202,0.44191692558758183,0.5022222222222222,0.468596196334883,0.5098292026362202,0.48849368997481185,0.2292117953788724,0.21366477002367987,0.6183728820027814,0.5991642461197338,0.4672852196844077,15.771552788976322,0.9726624312430848,0.4823339777368247,0.12494550897145522,0.1491879555692447,0.13154354299509988,0.12086057245214638,0.12494550897145522,0.14809361761531376,0.14083135582231174,0.1464753993976715,0.0941087670420907,0.07741533864284451,0.10456426867953228,6.529125243336624,0.2724309073442478,0.13998885387716015,3
TCGA-KIPAN,mofa,400,0.7668440538972453,0.720267084562697,0.7533333333333333,0.7449257846593057,0.7668440538972453,0.7460476215660782,0.6200692310806182,0.6159024461729962,0.8472023670157052,0.8397804787554003,0.7738555203121544,5.946429240874143,0.4611118430167187,0.22533723289722785,0.07299724857784153,0.07487601539781094,0.07875330680887832,0.05361201131184091,0.07299724857784153,0.08776590931135163,0.09521818103217053,0.0915405668287733,0.08241620328862526,0.08173080444623924,0.06759578811689954,4.665062773969703,0.18147301706039698,0.09603401037637663,3
TCGA-KIPAN,mofa,500,0.4897284996861268,0.3994134959888454,0.4633333333333333,0.4407678484614768,0.4897284996861268,0.45884303579493646,0.2232382688398218,0.2165885533622458,0.6380151382468929,0.6222257470182568,0.4930849272652389,17.33812079289018,1.0538066916788893,0.5235356148285736,0.06908616812252719,0.08102063871537182,0.07731321577410516,0.06514114159580235,0.06908616812252719,0.07544076366985927,0.09360260673650905,0.09391839041957706,0.047533397769247705,0.04835061844334221,0.05573697658189349,2.880770383301958,0.14885312732199515,0.07148220663300449,3
TCGA-KIPAN,pca_logreg,20,0.3444444444444444,0.2397883597883598,0.3666666666666667,0.23518518518518516,0.2740740740740741,0.343968253968254,-0.09118968423026887,-0.08005772005772002,0.47500000000000003,0.4527777777777778,0.5398148148148149,19.632605736735886,1.1789167320628655,0.6115004182054299,0.06735753140545633,0.060452091464165844,0.02886751345948131,0.0750171448167744,0.050102775031365475,0.05251623943490218,0.14035561752106343,0.12127445315486882,0.041481068119633556,0.0315494908100015,0.06940739752559316,3.5218953669127906,0.08622589901522193,0.024680619727802736,3
TCGA-KIPAN,pca_logreg,50,0.6166666666666667,0.5608362008362008,0.7133333333333333,0.5736507936507936,0.5777777777777778,0.6974099234099235,0.47746877239538676,0.44995429183072205,0.7673280423280424,0.7661507936507936,0.7554298941798941,2.918423972491057,0.45965471420050835,0.27167061969844486,0.07087417123429492,0.07933026220445015,0.023094010767585042,0.06260471198086533,0.07474235581707617,0.033823287196914596,0.046023166212027414,0.0596905640146195,0.1247733170370927,0.12261392987727625,0.09325849246971268,1.7373020867860045,0.06713835459584305,0.02205117165407164,3
TCGA-KIPAN,pca_logreg,100,0.7785714285714286,0.7729568005799891,0.8266666666666667,0.8026073926073926,0.7785714285714286,0.8261074558291949,0.6896122835376214,0.6798651751192496,0.8820277634970618,0.9135436079515027,0.8457565401601963,1.309138449124778,0.24731027495678312,0.16102561906943996,0.06602583154220022,0.07758943912424361,0.04725815626252611,0.06962838890581231,0.06602583154220022,0.047364884001488285,0.07422884265518598,0.07971431277721393,0.06818715319279232,0.04125095428423676,0.0705481964700901,0.7731643415024191,0.06370513173904123,0.023695520159510392,3
TCGA-KIPAN,pca_logreg,200,0.8880372847764152,0.8870494028566159,0.9083333333333333,0.9063950025640848,0.8880372847764152,0.9082284602403469,0.8322195414876435,0.8286237734537979,0.957555767672278,0.9594807552650689,0.9262197621813338,0.6336848974619462,0.14986602724053236,0.09835232364854707,0.027126342499501684,0.022655091161962456,0.016072751268321587,0.016454039247186046,0.027126342499501684,0.014146256039069728,0.027245189205774595,0.028353747202350895,0.005740403074077709,0.016416742242855154,0.018994400598490422,0.12874232224000737,0.038887152307691936,0.012077413462334912,3
TCGA-KIPAN,pca_logreg,300,0.8618518518518519,0.8419459704043132,0.8866666666666667,0.8361393172387923,0.8618518518518519,0.8893991913454834,0.7975235238198147,0.7932547537671742,0.9447923904554164,0.960300753469656,0.8837031795371476,0.7058979415561274,0.1649549228579654,0.08080185123414096,0.02774632689287627,0.03531949156264649,0.01333333333333328,0.042815159750246946,0.02774632689287627,0.010811783884280394,0.025004107580805898,0.023475139201049263,0.01581670990251896,0.007236974691956876,0.02133932010687207,0.22027570938220858,0.015021735547964488,0.013939924479854449,3
TCGA-KIPAN,pca_logreg,400,0.8982626148477212,0.8853279947473925,0.9133333333333334,0.8828538508753939,0.8982626148477212,0.9141388301972758,0.8437944451967353,0.8406431005667853,0.9595765101531059,0.9628303050319674,0.9059381980022428,0.658622617334785,0.13516093722665343,0.06813634852785622,0.03674297645978546,0.030851657924726866,0.025289984842489302,0.028761117260403053,0.03674297645978546,0.026071842062641782,0.045879774961725,0.04698282551894064,0.01530669061737619,0.015862631690860156,0.009848122792151847,0.1424011252797354,0.030895889272929206,0.007842032847703453,3
TCGA-KIPAN,pca_logreg,500,0.8823869105366281,0.8763570983323508,0.9086666666666666,0.8802939223851759,0.8823869105366281,0.909440064594035,0.8354450956889782,0.8318952308643238,0.9546804919156106,0.9573312252902886,0.8878657780425674,0.74234021097487,0.15736798254688908,0.07808299234701756,0.0073457571972281215,0.006369588498776896,0.009237604307034013,0.018019899876471002,0.0073457571972281215,0.009545662400843556,0.017268538289185686,0.01807684126534893,0.006435794590591662,0.0037483097790570598,0.023292713911431676,0.07475607027710042,0.004016200431767211,0.010503628800327913,3
TCGA-KIPAN,pnet,20,0.5833333333333334,0.4005291005291005,0.6333333333333333,0.4129629629629629,0.4444444444444444,0.6011904761904762,0.3479006744373491,0.31690235690235696,0.7138888888888889,0.7041666666666667,0.7657407407407407,1.8592645255940667,0.596205181866138,0.3941098252932231,0.028867513459481266,0.045875304313033,0.028867513459481322,0.07034599967860211,0.0222222222222222,0.023693766222851336,0.05284562915378124,0.04859471278792642,0.10826208483280599,0.08111634305804909,0.11140008718070332,0.9392041197677248,0.057021661022439114,0.05249978988283644,3
TCGA-KIPAN,pnet,50,0.7861111111111111,0.7245132645132646,0.8466666666666667,0.745026455026455,0.7277777777777779,0.8279016539016538,0.7136099759498907,0.6905776479150451,0.9026455026455027,0.9168253968253969,0.8858818342151675,0.5058142646928323,0.2701672279381477,0.24226964215437574,0.09082101513484336,0.08235732534636422,0.06110100926607786,0.07750199459934325,0.08296213623926711,0.06637725160218072,0.11904288960925362,0.12991585525239294,0.05273316994078899,0.020895184075788848,0.07014274924995552,0.06621387364260567,0.054279190417810305,0.019569382780446874,3
TCGA-KIPAN,pnet,100,0.8603174603174604,0.8637474500807834,0.9133333333333334,0.894467507800841,0.8603174603174604,0.9074854201354201,0.8442342692303021,0.8318584121528394,0.9633541207006119,0.9702607748002485,0.9253816568499108,0.31172851767307247,0.15854714595423244,0.14629913806915285,0.07462427935185073,0.07536891799329824,0.03511884584284239,0.06288473270699567,0.07462427935185073,0.040349965354095234,0.06395565758003541,0.07199590639699611,0.01927718718169337,0.008964514287729621,0.04244669644508521,0.02925445664215734,0.021833407052507962,0.00903267314472555,3
TCGA-KIPAN,pnet,200,0.9062492258144431,0.9175362686214598,0.9366666666666666,0.9427607019925861,0.9062492258144431,0.9359003047239384,0.8820491113992706,0.8798479608468904,0.980062691761017,0.9860347633172388,0.9589364036094054,0.17712372725199396,0.09112300089475378,0.062266619155804316,0.006330553879250986,0.0067368798579862665,0.0028867513459481953,0.013816506042370943,0.006330553879250986,0.0028317153363333295,0.0050900518279137445,0.004561479714656395,0.00914930307225521,0.004466969936758726,0.0038367777317604664,0.006078733834640858,0.008712212892188681,0.008734960615694589,3
TCGA-KIPAN,pnet,300,0.8849893251647639,0.9053161927091157,0.9322222222222223,0.9357788876351267,0.8849893251647639,0.9311262766086511,0.8733736220356964,0.8719307972669704,0.9773118322516483,0.9821822246858831,0.9529509866686737,0.2130208767386849,0.10168171336257203,0.0723560380935669,0.005298030140925105,0.004056077798934394,0.01018350154434638,0.009098686541190304,0.005298030140925105,0.010014466567866183,0.019157084389074392,0.018826864785362867,0.007399002734505705,0.0044824694595719285,0.0017746808532322369,0.013632783052126897,0.010005129351095099,0.01087297913265136,3
TCGA-KIPAN,pnet,400,0.913179231721785,0.9246401610983868,0.9366666666666666,0.9424883372636154,0.913179231721785,0.9360322743432962,0.8814349053403573,0.8801782834656088,0.9835000343312199,0.9837908811059138,0.9645775356434966,0.2397645409375149,0.09301804678224639,0.053275971785187726,0.03824738308496199,0.03528770980059954,0.02268442931469364,0.03155047576723942,0.03824738308496199,0.023426261437107392,0.043868281628762405,0.04380538142581751,0.003771093912235658,0.0021227868662503937,0.008481820785691253,0.025864174323424204,0.019564126488076858,0.008830272223938382,3
TCGA-KIPAN,pnet,500,0.8959073788734805,0.9150545535135399,0.9413333333333332,0.9463887733555775,0.8959073788734805,0.9403588594091478,0.8912271714796643,0.8890476455431063,0.9872005653481944,0.9897926782536798,0.962292674121017,0.18017929505210142,0.08928438431047858,0.051922341903050735,0.013059113702975729,0.011644852526249087,0.007023769168568577,0.009447001076972519,0.013059113702975729,0.007372559435969771,0.012803398140477446,0.013802008472817408,0.003696205055439609,0.0025283041089270986,0.013877036511895025,0.02772977371952356,0.014981676178356261,0.011390497773127579,3
TCGA-KIPAN,svm_early,20,0.6888888888888888,0.45851851851851855,0.6666666666666666,0.4648148148148148,0.5222222222222221,0.6327777777777778,0.5052632105714605,0.45804713804713804,0.8194444444444445,0.8027777777777777,0.8407407407407407,1.0303420368536664,0.5261329053163136,0.2952968273036792,0.13471506281091267,0.14559089195045835,0.18929694486000914,0.15258405226010752,0.10599324460188281,0.20303484466501842,0.3042357515766322,0.29157151945515064,0.18111025903003383,0.18434066692263387,0.17912539001993616,0.46186141238552747,0.24623852922132794,0.09473061339553428,3
TCGA-KIPAN,svm_early,50,0.725925925925926,0.642586179252846,0.8266666666666667,0.65,0.6666666666666666,0.8220572390572389,0.7046145216321927,0.6854888272703307,0.9034832451499119,0.9176719576719576,0.8743518518518517,0.6869563783825914,0.29572155103962633,0.1663030631758873,0.17985619541402126,0.1643915489813798,0.09451631252505219,0.15893550209805393,0.1801062786383036,0.09836140754970114,0.1724542457661824,0.1747256220798319,0.05177559134866309,0.03544309145667718,0.06277588949817574,0.2727795535368241,0.13740160570342744,0.05996415608269211,3
TCGA-KIPAN,svm_early,100,0.8952380952380953,0.8710295828701625,0.9033333333333333,0.8866795550128884,0.8952380952380953,0.9043811379441814,0.8317381199975177,0.8208334388212751,0.9487642717905875,0.9575626566416041,0.9299015035045675,0.4261634475514145,0.17255507676211387,0.08837223077184218,0.047698346670846735,0.06286147583267727,0.04163331998932266,0.03950965000436399,0.047698346670846735,0.04101506439967115,0.0710568101289485,0.07848137198422611,0.01489200516098512,0.014442627149666905,0.030507226444451297,0.18388557586190982,0.06875339554118155,0.022072212806977316,3
TCGA-KIPAN,svm_early,200,0.9149789421528552,0.8924100346374692,0.935,0.8951293288032418,0.9149789421528552,0.9360137259585417,0.8828492428077327,0.8797829348575196,0.9652476797244486,0.9746644438556203,0.9446113371847306,0.33378247843424225,0.12126662578180514,0.05236528916289978,0.04162025320566422,0.018223227922768728,0.00866025403784441,0.041657355595331506,0.04162025320566422,0.006950761140419609,0.013154955439315354,0.014555277315832752,0.00971581611026236,0.007647725583949711,0.018343257367548292,0.07965363681975784,0.019336492329012668,0.0055674306640707254,3
TCGA-KIPAN,svm_early,300,0.8891961384943841,0.8952409465611019,0.9411111111111111,0.9276055200109581,0.8891961384943841,0.9391234949622641,0.8913276490813452,0.8894197904012161,0.9579187545250304,0.9751005502176234,0.9350691986200999,0.2858527191590545,0.10741717012748414,0.04806557985900597,0.061289956220378104,0.05841386204564539,0.026943012562182532,0.03759326240533405,0.061289956220378104,0.02863469496868865,0.050658724586209763,0.051310665543011745,0.030061467856011364,0.016774271812505733,0.04541544087819122,0.13444224563849205,0.0478429763848991,0.017697128070303877,3
TCGA-KIPAN,svm_early,400,0.9243766702170958,0.9286589563657599,0.9541666666666667,0.941760939058785,0.9243766702170958,0.9537756596635845,0.9151570501235633,0.9138025059742634,0.9624229940071206,0.9787718008780365,0.9423482894649453,0.24532715584844955,0.08390294087385651,0.03146916767050468,0.03408879449507473,0.029274463531173682,0.023760962382305385,0.017806070790581354,0.03408879449507473,0.024302447842511,0.043979435030476174,0.045133055540455796,0.017328928383696155,0.01533731944001238,0.03869735046881483,0.09315701169699771,0.04368557285547638,0.01166791420567694,3
TCGA-KIPAN,svm_early,500,0.8888129648652248,0.8881293769339411,0.9353333333333333,0.9085313613780516,0.8888129648652248,0.9341766426712295,0.8822658205899764,0.879471292736263,0.9628266712169955,0.9808972306657667,0.9402866673644472,0.3026040649404649,0.10671721666097855,0.042556321131481716,0.005742270398388906,0.012565239017509996,0.00503322295684716,0.01256818006043751,0.005742270398388906,0.005661702470612624,0.0070032719749859515,0.008115507058456777,0.007535597533117419,0.002633369507212023,0.008094091673683652,0.028060573112693513,0.011474774429259564,0.004315567010048067,3
TCGA-LGG,integrao,20,0.5875,0.5498412698412699,0.6,0.5743055555555555,0.5875,0.5708730158730159,0.19175922499108558,0.17277777777777778,0.5796296296296296,0.5796296296296296,0.7370370370370369,0.7443175276663078,0.5088422329039674,0.342092931727519,0.014433756729740658,0.021896133566338863,0.021650635094611,0.030214319330287658,0.014433756729740658,0.03451340839489059,0.021383865461815015,0.027148426050823602,0.05940375900868678,0.05940375900868678,0.03674654598700821,0.010730996111020902,0.026601447746960032,0.020576009017984533,3
TCGA-LGG,integrao,50,0.6383333333333333,0.6282064232064232,0.6383333333333333,0.6433730158730159,0.6383333333333333,0.6295886983386983,0.281361163813379,0.27462509712509714,0.6476296296296297,0.6476296296296297,0.7088227513227513,0.9210927487150747,0.5128302456467534,0.30601702420914323,0.06185640854250897,0.06207346779831092,0.05965176722724426,0.06343988121021935,0.06185640854250897,0.061256841847351126,0.1252205977308486,0.12143103974714449,0.07512962734733745,0.07512962734733745,0.05668309253939657,0.12297144435777324,0.046691794318099465,0.02365357542956855,3
TCGA-LGG,integrao,100,0.6692171717171718,0.660870790170006,0.6666666666666666,0.6812725468975468,0.6692171717171718,0.6613714739657026,0.3498866995117183,0.33494263045992523,0.705010101010101,0.705010101010101,0.7178210415895183,0.8704558705665383,0.4750005180472027,0.2476397365064972,0.013826605066041352,0.01475243570069478,0.01506928443335425,0.013841206117909205,0.013826605066041352,0.015124991394971733,0.02689665337697569,0.028372333100699518,0.04034750758805109,0.04034750758805109,0.03771830798930162,0.1611786563615055,0.029629089686978905,0.014959191495731229,3
TCGA-LGG,integrao,200,0.6420217209690894,0.6364339427221212,0.64,0.6497395268120566,0.6420217209690894,0.6363277008817364,0.29146813882262707,0.2821289189021244,0.6868281815650237,0.6868281815650237,0.6965060090159794,0.7244532952205734,0.4692444127091559,0.177116738404011,0.013737435926340951,0.014113512456881607,0.014737282653189522,0.01466728569591478,0.013737435926340951,0.014526587175902836,0.02838156384500152,0.027760883567620964,0.022332709005628677,0.02233270900562864,0.01828074766643684,0.030431589375967905,0.009263625812007324,0.006257353302900867,3
TCGA-LGG,integrao,300,0.6667061450553525,0.6636013175334139,0.6652777777777777,0.6690992721182288,0.6667061450553525,0.6637406515589235,0.3357779573625373,0.3320801700945512,0.7470263200293094,0.7470263200293094,0.7494815040085444,0.5928874920165139,0.40865419151913257,0.13113800077231652,0.005141786092747148,0.005246874152898298,0.004882887730901869,0.00485929511236823,0.005141786092747148,0.005119902256402388,0.009984017427258603,0.010237443266780492,0.0029214275362028494,0.0029214275362028494,0.005868986000432174,0.0011014437466290003,0.002980056920532364,0.003434149030261281,3
TCGA-LGG,integrao,400,0.6577235436170565,0.6548410532646051,0.65625,0.6600665231116936,0.6577235436170565,0.6550746087717841,0.3177546671494084,0.3136744353974228,0.7423534392934638,0.7423534392934638,0.747884643644997,0.5926863647855606,0.411230427610394,0.10880558454750854,0.0057481442615532705,0.005272064054628119,0.0059621200088558765,0.007036540552386986,0.0057481442615532705,0.005342581769572985,0.012747853433399504,0.011524990981475714,0.006219466451543114,0.006219466451543114,0.006667252946614411,0.006619819614384589,0.005492726191766957,0.0023845728356682253,3
TCGA-LGG,integrao,500,0.6617820423623995,0.658889913645334,0.6602265488135054,0.6637739150063898,0.6617820423623995,0.6590176120110515,0.32553841370654246,0.3219524750176479,0.7516783131504893,0.7516783131504893,0.7540776558007027,0.5874291850979857,0.4061525518414209,0.10309289417523781,0.005388092642921608,0.0051170496129625456,0.005035862393478765,0.005871759402876749,0.005388092642921608,0.00498172470314161,0.011255820081887058,0.010580489756924775,0.004312072637888573,0.004312072637888573,0.006763436606154332,0.005767576714299321,0.004451777445362901,0.004123190072960536,3
TCGA-LGG,logreg_early,20,0.6611111111111111,0.6,0.6666666666666666,0.6249999999999999,0.6611111111111111,0.6155555555555555,0.35831901451071424,0.32222222222222224,0.7388888888888889,0.7388888888888889,0.8342592592592593,0.8245057682177109,0.48693563012972313,0.32200448821481786,0.00962250448649373,0.07055336829505572,0.05773502691896256,0.12275766552213532,0.00962250448649373,0.10095837059200485,0.040203826171174004,0.019245008972987553,0.06735753140545632,0.06735753140545632,0.05417260176411142,0.2323295901457534,0.0761532686278138,0.03374775249552778,3
TCGA-LGG,logreg_early,50,0.6261111111111112,0.6144727494727494,0.6266666666666666,0.6372619047619047,0.6261111111111112,0.6159879009879009,0.26240637393294025,0.2511111111111111,0.7454444444444445,0.7454444444444445,0.7923703703703703,0.9306678064873388,0.552056257384569,0.32944270830092237,0.0686645091354683,0.07801090122210651,0.07023769168568494,0.07655761617307788,0.0686645091354683,0.07822460473569144,0.14477852745906838,0.13889777749335155,0.07461481334406976,0.07461481334406976,0.06542233912623525,0.1351337824579813,0.10884081738737728,0.03261382860372492,3
TCGA-LGG,logreg_early,100,0.7144107744107743,0.7101536669957723,0.7133333333333334,0.721106671106671,0.7144107744107743,0.7109149451912611,0.4353154833843959,0.4268063161270881,0.7947272727272727,0.7947272727272727,0.8108000987809404,0.9129441008654632,0.4523924179050553,0.25398167985056697,0.048302723314713115,0.05240638130732326,0.051316014394468853,0.04520920315930104,0.048302723314713115,0.053213787444484795,0.09352743275812231,0.09875461110220592,0.04383099597944535,0.04383099597944535,0.04346419168205838,0.19095633810027282,0.07265830046771411,0.03346820299431322,3
TCGA-LGG,logreg_early,200,0.6549707602339181,0.6531404306430333,0.6566666666666666,0.6578380387462589,0.6549707602339181,0.6542683090262164,0.3127616193189255,0.31058172294220776,0.7092731829573934,0.7092731829573934,0.720320729159306,1.1727385491408466,0.5615691265600746,0.2820468700561857,0.03749052876990592,0.03825822558892522,0.037527767497325636,0.038165914001017855,0.03749052876990592,0.03820885045094098,0.07565137267366255,0.07501095060553539,0.03677640639303282,0.03677640639303282,0.036006930345353454,0.08310523852590054,0.033615199337233025,0.007535164661532562,3
TCGA-LGG,logreg_early,300,0.6709985301128238,0.669942706566737,0.6722222222222222,0.6739775046052473,0.6709985301128238,0.6710024401191572,0.3449361006342831,0.3422230447831092,0.7223101726786375,0.7223101726786375,0.7213616221897539,1.210274407644792,0.5387213937725339,0.26662271448728325,0.009255898979038961,0.00975775492941571,0.00962250448649373,0.010182656209167902,0.009255898979038961,0.009774737156815294,0.019426088507998523,0.01914540125415623,0.015215070835533227,0.01521507083553314,0.02416895904187915,0.12212109710985228,0.014749934675801463,0.006165425652595255,3
TCGA-LGG,logreg_early,400,0.6360665176454651,0.634258117058981,0.6366666666666667,0.6383078418312171,0.6360665176454651,0.6352338785759258,0.27434993790175655,0.27168750015351845,0.7041748515432725,0.7041748515432725,0.7081282617396553,1.2947822817703762,0.5798345286440703,0.2811681927672843,0.008255513163241194,0.007645674696874944,0.007637626158259719,0.009215897528439772,0.008255513163241194,0.007444891833464428,0.017423011910470552,0.016025971287007137,0.019290639531399853,0.019290639531399853,0.014894343855526522,0.06378034081491796,0.01866885761854858,0.012118269689843232,3
TCGA-LGG,logreg_early,500,0.6599543129443463,0.6587205200941405,0.6615623506927855,0.662794591771514,0.6599543129443463,0.659968415709383,0.3227224566705323,0.32023520203765915,0.7193212679716002,0.7193212679716,0.7122918276224662,1.2240524521622393,0.542691036485981,0.25154509893521637,0.02050341971058623,0.020688315269359818,0.018977734248685915,0.01983297924396999,0.02050341971058623,0.019992269002326292,0.04034790389963552,0.040561015682309666,0.03398887519123917,0.03398887519123925,0.03494305423314332,0.17465052862553157,0.038693236556931944,0.018584668425938016,3
TCGA-LGG,logreg_late,20,0.6166666666666666,0.5488888888888889,0.6333333333333333,0.5555555555555555,0.6166666666666666,0.5733333333333334,0.2531623298980725,0.22222222222222224,0.6944444444444445,0.6944444444444445,0.7981481481481482,0.6211715331229138,0.43690135459134605,0.27131004697089306,0.09999999999999998,0.14792390436126768,0.10408329997330662,0.19460310986818882,0.09999999999999998,0.15070206073943088,0.21632779403324193,0.2009237924447236,0.14369463507086183,0.14369463507086183,0.09429454334875267,0.04936688013046548,0.04538004648840402,0.062335308805358,3
TCGA-LGG,logreg_late,50,0.5988888888888889,0.5874327524327524,0.6,0.6100396825396825,0.5988888888888889,0.5895034595034595,0.2079619294884958,0.19666666666666668,0.6696666666666666,0.6696666666666667,0.7341115520282187,0.6515914437443366,0.4637125607662604,0.2868210094053677,0.10491177951727577,0.11290481375275978,0.10583005244258364,0.11431760054517706,0.10491177951727577,0.11274808093440125,0.21841971788249148,0.21105554824368977,0.10123734488813904,0.10123734488813904,0.08250008436944894,0.10685542530607466,0.09413461497350888,0.03580790429870597,3
TCGA-LGG,logreg_late,100,0.6923905723905723,0.6863102874277326,0.69,0.699525752025752,0.6923905723905723,0.6866460082334024,0.39162791288932386,0.38253261288699275,0.7773063973063973,0.7773063973063973,0.7872234262483152,0.5730951459064629,0.39095838582715353,0.17217263061402358,0.03181807492900651,0.03693377700328492,0.0346410161513775,0.027532182119592147,0.03181807492900651,0.03806184425072553,0.059727507148322104,0.06451359889028575,0.031886035287181876,0.0318860352871819,0.03168748523752255,0.05124646721956096,0.037357248875552564,0.013292862029478039,3
TCGA-LGG,logreg_late,200,0.6678362573099416,0.6641128409064249,0.6666666666666666,0.6721914874841469,0.6678362573099416,0.664291660320088,0.33995191310978107,0.3342492990961478,0.7293233082706766,0.7293233082706768,0.7378168655488017,0.6043131416750461,0.41959786643974556,0.1433456856979712,0.0403939225664422,0.0404323744035254,0.04072263907623536,0.041106653409721056,0.0403939225664422,0.0406538233500943,0.0814263594475208,0.08036304324252887,0.036281171286611624,0.03628117128661167,0.02897610400340737,0.02221648439551317,0.020676946834571143,0.0291863762901121,3
TCGA-LGG,logreg_late,300,0.6926118306054345,0.6896984455974334,0.6911111111111111,0.6957881331180866,0.6926118306054345,0.6898955362400255,0.3883524882515282,0.3833270336409352,0.7473649623920758,0.7473649623920758,0.7470975032577662,0.5917317868365509,0.4072511009400899,0.12220864328306712,0.012226718480963307,0.01132384336873827,0.010715167512214413,0.012739033592708041,0.012226718480963307,0.010898884379760358,0.024967497010675858,0.023129439565363924,0.012598323657236411,0.01259832365723641,0.0034945099207149876,0.006576085256624521,0.006352508874312206,0.0018446317075274496,3
TCGA-LGG,logreg_late,400,0.6741357899252636,0.6703932896511678,0.6716666666666665,0.6778589337554631,0.6741357899252636,0.6702634285825484,0.3519218244493996,0.34580317536444,0.7414274214763811,0.7414274214763811,0.7436328046577471,0.5920823413346826,0.40900518923198464,0.10009291477333293,0.019220200562573116,0.01898114772175511,0.018929694486000844,0.01975335617848042,0.019220200562573116,0.01893491110560852,0.03890245656073128,0.03790800974818785,0.012315303262105982,0.012315303262105982,0.009000868669477422,0.01014853034161398,0.00829295747130708,0.014489332122217634,3
TCGA-LGG,logreg_late,500,0.682068789460816,0.6787773811005448,0.6797260710304189,0.6849416803084423,0.682068789460816,0.6786764248599608,0.36698258987884946,0.36176927158659095,0.7535464696801907,0.7535464696801905,0.7483664021539717,0.5850213106536152,0.4020106267041949,0.09053764702720858,0.011666316759726628,0.011851799068736305,0.012007154125688965,0.011577940980200456,0.011666316759726628,0.011945335253548645,0.023246865455839438,0.02354770649294473,0.01750341982734707,0.017503419827347027,0.018356174180044687,0.016953138962643624,0.012258529038147187,0.009567016427344656,3
TCGA-LGG,mofa,20,0.5777777777777777,0.5377777777777778,0.5833333333333334,0.5722222222222221,0.5777777777777777,0.5555555555555556,0.18213672050459184,0.15777777777777777,0.6694444444444444,0.6694444444444444,0.7814814814814813,2.0206817069046514,0.5550021782746801,0.3806959107168401,0.04194352464039301,0.07343427396381474,0.07637626158259736,0.0769800358919501,0.04194352464039301,0.08852704127574265,0.10765573018937598,0.10335125292651988,0.0792032079410181,0.0792032079410181,0.05139514476436264,2.007780566519318,0.154857885157202,0.05360280742012783,3
TCGA-LGG,mofa,50,0.681111111111111,0.6666024716024715,0.68,0.705952380952381,0.681111111111111,0.6677135827135827,0.3850422557736493,0.3588034188034188,0.718111111111111,0.718111111111111,0.7680930335097002,1.4577314561008154,0.48767132233019667,0.27582394212032385,0.039487456986482004,0.04098710431979284,0.034641016151377574,0.034022426577245794,0.039487456986482004,0.04019446901636521,0.07463981627682499,0.07305907714318166,0.044609831170236855,0.044609831170236855,0.041738933851102555,1.0822377516815094,0.05560054132639848,0.04869557061486636,3
TCGA-LGG,mofa,100,0.6859259259259259,0.6780139556529381,0.6833333333333332,0.6938363025863025,0.6859259259259259,0.678506185737307,0.37928169557810926,0.36814348770549193,0.7231245791245792,0.7231245791245792,0.7312795661285202,1.6867858632729709,0.490746655899641,0.27022519512404425,0.06882816226040182,0.07198749655218235,0.06806859285554046,0.0651053218612142,0.06882816226040182,0.0716789940724614,0.13445391303384144,0.13622598485665496,0.04746196403577271,0.04746196403577271,0.04398561767302824,0.3283812033131544,0.08087422983551583,0.052157110144559975,3
TCGA-LGG,mofa,200,0.6570593149540518,0.6527709250946107,0.6550000000000001,0.6611620514374923,0.6570593149540518,0.652630958096343,0.3181556270704542,0.3122326099809684,0.7201754385964912,0.7201733500417711,0.7270829462169042,0.9765462656271019,0.4674778299092292,0.20557190180476378,0.04348376946203814,0.04520972981695323,0.044440972086577935,0.04366419859434903,0.04348376946203814,0.04567766132786213,0.0870572695293648,0.08682344485633207,0.038430746226341586,0.03843436247832196,0.036024130798337474,0.25048901124768824,0.035594029153810915,0.030154431662745083,3
TCGA-LGG,mofa,300,0.676181041103872,0.6709110924308878,0.6722222222222222,0.6802521214539218,0.676181041103872,0.6702520715652284,0.35637568399915004,0.34904915286134125,0.7417818740399386,0.7417818740399386,0.7476298946701566,0.6572703629352293,0.43547499304247245,0.16100580068190062,0.016495256061067724,0.01657535767676843,0.016442942874387474,0.01610274033602474,0.016495256061067724,0.016615519144009144,0.03259606320382711,0.032613459691816886,0.015000896629216895,0.015000896629216895,0.006609307757072841,0.044780833625388504,0.02234917380703803,0.015140006539371689,3
TCGA-LGG,mofa,400,0.6832984409483798,0.6781021962403724,0.6791666666666666,0.6870159026745228,0.6832984409483798,0.6774328028491116,0.37027407249582467,0.3629199750394298,0.7511097826275305,0.7511097826275305,0.7510988176888539,0.6452178149749802,0.42342991317649165,0.13190111557251574,0.005961048879320231,0.006217770495692872,0.006291528696058936,0.005781083064798437,0.005961048879320231,0.0063386298968660625,0.01172757037615436,0.012067234182119102,0.007861363258088016,0.007861363258088094,0.007474558796338426,0.04968687184547819,0.005825660566787765,0.010820260962053732,3
TCGA-LGG,mofa,500,0.6858560989582584,0.679746463214275,0.6811673833412963,0.6909705464742482,0.6858560989582584,0.678882769024873,0.3767556256386199,0.3676103851068698,0.7490158766113915,0.7490158766113916,0.7424198526343266,0.6926280079224519,0.418647635734219,0.11878705221130086,0.0028343318306580855,0.0031886553531959784,0.00320081982105678,0.0025594566439701904,0.0028343318306580855,0.003306209090232219,0.0053452094494017945,0.005974483179858871,0.012009317222160216,0.012009317222160166,0.01664483377960826,0.09719277646766512,0.008444466592795349,0.005365241466281182,3
TCGA-LGG,pca_logreg,20,0.5777777777777777,0.5596825396825397,0.6,0.575,0.5777777777777777,0.5873015873015873,0.15991449828236962,0.14444444444444443,0.5527777777777778,0.5527777777777778,0.6537037037037037,11.076292874698035,0.7493143179363203,0.39940408302104036,0.2507396465865946,0.24310227280215257,0.21794494717703367,0.2678359779998032,0.2507396465865946,0.22530671125055884,0.5102593878032258,0.48227854253801566,0.24725343123859628,0.24725343123859628,0.1488726497501183,4.929066345310217,0.3745851571467655,0.18624108366574235,3
TCGA-LGG,pca_logreg,50,0.6355555555555555,0.6232071632071632,0.6333333333333333,0.6479761904761904,0.6355555555555555,0.6241667591667591,0.2825097888375619,0.26658119658119656,0.6487777777777778,0.6487777777777778,0.7137671957671957,1.485093202738902,0.53443905609252,0.31474957202521997,0.08141685147255275,0.08268093528870947,0.08082903768654755,0.09867453487196964,0.08141685147255275,0.08244166745541025,0.1788725331994242,0.16161584091624387,0.10653342372406119,0.1065334237240612,0.09327354998168703,0.2558192144182038,0.13593210246636636,0.06409688786437147,3
TCGA-LGG,pca_logreg,100,0.6927272727272727,0.6882902677356842,0.6933333333333334,0.7007510082510082,0.6927272727272727,0.6897976258746213,0.3931651434729744,0.38470074793857095,0.7443973063973064,0.7443973063973064,0.7605733772656443,1.2558282961787015,0.46909119061075616,0.26006592729117933,0.04873336980465328,0.05055104792737568,0.051316014394468853,0.05256605422000196,0.04873336980465328,0.051217191841857246,0.10114767736825649,0.09882607894297162,0.04277510675039556,0.04277510675039556,0.028301950679330688,0.3795399864671401,0.06048134430930472,0.04143926232510592,3
TCGA-LGG,pca_logreg,200,0.6381787802840434,0.6357455709625738,0.6383333333333333,0.6404116737472506,0.6381787802840434,0.6363627002964053,0.2785456215796222,0.2759902845054796,0.6954051796157059,0.6954051796157059,0.7081264431229752,0.997198562813299,0.5452921240082361,0.2731536951214148,0.002990063520162625,0.0019363487131026892,0.0028867513459480834,0.00377957449977397,0.002990063520162625,0.0018966859039715987,0.0067119741550266425,0.006046754185067449,0.0053126526635203465,0.0053126526635203465,0.007727733115833571,0.0218855571342537,0.014082565820797125,0.017530403226514748,3
TCGA-LGG,pca_logreg,300,0.6682565615233859,0.6665007101362717,0.668888888888889,0.6714569670727318,0.6682565615233859,0.6673940741812533,0.3396552437678538,0.33630535648685284,0.7323769962656921,0.732376996265692,0.7247067086436761,1.0603132280979588,0.4919982242191639,0.21530906215369158,0.033706692594143446,0.03390991767106933,0.03288588574877498,0.033244141864957846,0.033706692594143446,0.03354887538726853,0.06696460102488853,0.06700514165146629,0.027136370834695694,0.027136370834695615,0.03279063425643759,0.28872410374306084,0.04080977484384132,0.013515780460913977,3
TCGA-LGG,pca_logreg,400,0.61024825314911,0.6088618629983024,0.6108333333333333,0.6111976631993206,0.61024825314911,0.6098643713890968,0.2214372914085724,0.22008600563117994,0.672615358845469,0.672615358845469,0.6819466901958834,0.9212168377625973,0.5606146772916368,0.24275817744751907,0.019804689375667494,0.0191040078561005,0.01892969448600097,0.019995235309525308,0.019804689375667494,0.01870487653740356,0.03979352784145972,0.03928285472241861,0.009177682665620968,0.009177682665620943,0.005778067165790164,0.04928288785978978,0.01242151514195566,0.004722921052169254,3
TCGA-LGG,pca_logreg,500,0.6598339229983748,0.6569450829784796,0.6586000955566172,0.6630066193690448,0.6598339229983748,0.6571925827418607,0.3227776090007696,0.3182341689680494,0.7088945188716783,0.7088945188716783,0.7036213713613134,0.7824010056876403,0.4918990220237694,0.18666123326952608,0.011859677032224798,0.01180416268347357,0.011000975019864453,0.010940860300652153,0.011859677032224798,0.011501448778900088,0.022744272188382608,0.023187552062922456,0.01093126815864623,0.01093126815864623,0.0133463242038059,0.02476558889866497,0.012513008266946134,0.008381865777727095,3
TCGA-LGG,pnet,20,0.6944444444444443,0.6466666666666666,0.7000000000000001,0.6638888888888889,0.6944444444444443,0.6622222222222223,0.41467231195209747,0.3888888888888889,0.688888888888889,0.688888888888889,0.8083333333333332,1.3372014461719761,0.5387331088819068,0.3444626857837041,0.13471506281091264,0.20341528403189807,0.1802775637731995,0.23809623015666334,0.13471506281091264,0.2332698326291139,0.2725560589009683,0.26943012562182544,0.164429428743875,0.164429428743875,0.10551899951790325,0.92371186799043,0.2721796743403119,0.1314404442665323,3
TCGA-LGG,pnet,50,0.6711111111111112,0.6635187035187035,0.6733333333333333,0.6812698412698412,0.6711111111111112,0.6654734154734154,0.3520561397572639,0.34328502415458945,0.7666666666666666,0.7666666666666666,0.808021164021164,0.7093198376868255,0.44214085829597066,0.29540825565656026,0.09933575686827278,0.10632011358507276,0.09865765724632497,0.11007221226231663,0.09933575686827278,0.10513478516409244,0.2089975455726357,0.19997948505020155,0.0636797543267176,0.0636797543267176,0.0569004171833966,0.18208982694059656,0.1069091875272578,0.030526004006097597,3
TCGA-LGG,pnet,100,0.7092592592592593,0.7013361180729601,0.7066666666666667,0.7195363895363895,0.7092592592592593,0.7017718893192577,0.42826334926225423,0.41493913393542176,0.8115555555555556,0.8115555555555556,0.8194483685199786,0.7339558116158282,0.4110707943840046,0.23608079612255095,0.053224400281844796,0.06146449193541176,0.05773502691896256,0.042830695311757025,0.053224400281844796,0.06308192474172267,0.09675193713749275,0.10869132342387945,0.0375246692995448,0.037524669299544774,0.045543757070857366,0.15843853334064822,0.05146337181306614,0.032319284319226524,3
TCGA-LGG,pnet,200,0.6880534670008354,0.6850398576796494,0.6866666666666666,0.6919752155570906,0.6880534670008354,0.6850671403365185,0.37997332215637175,0.3747812019851208,0.7430242272347535,0.7430242272347535,0.754206484956811,0.6537860961675946,0.4368481008769615,0.17909857263167697,0.03249393811628202,0.032225055674782954,0.03214550253664316,0.033360575382453406,0.03249393811628202,0.03227630986851451,0.06576942458504534,0.06390115183222542,0.04177677488526557,0.04177677488526557,0.037337681772338,0.04230505984157987,0.031211055064084208,0.040126987094863474,3
TCGA-LGG,pnet,300,0.6841281979977752,0.6796169162442235,0.6811111111111111,0.6890047089986071,0.6841281979977752,0.6792950206970652,0.373029748336334,0.3654439813704409,0.7446913567985591,0.7446913567985591,0.7450275183800797,0.7066521495317662,0.43972430620743,0.1596672175327937,0.013102422021937435,0.013042325562020046,0.012619796324000645,0.012290982921490232,0.013102422021937435,0.012934037652023792,0.02532017013282745,0.025682560131794863,0.008246150323384426,0.008246150323384426,0.017724042473612065,0.12623691046986638,0.024079392845303277,0.02385457918237069,3
TCGA-LGG,pnet,400,0.6564067302133397,0.6532952424832886,0.6549999999999999,0.6596003209490057,0.6564067302133397,0.6534796727404381,0.3159424747902875,0.3113302691433097,0.7312357995344532,0.7312357995344532,0.7306877574446758,0.657138382774734,0.44129743979764763,0.1407779747247696,0.004894435375692673,0.004164215771765581,0.004330127018922125,0.005620866573126218,0.004894435375692673,0.0042532511685880155,0.010482443167256555,0.008833484066671993,0.007396944137747344,0.007396944137747335,0.009688271449517592,0.06463832363356939,0.028414252250583208,0.0344346224517326,3
TCGA-LGG,pnet,500,0.6927840040173927,0.6894278462545999,0.6907071189679885,0.6959974707689093,0.6927840040173927,0.6893652727832666,0.38875303925573973,0.3834786753488366,0.7521877981284127,0.7521877981284127,0.7524310895613694,0.6267550552317297,0.4209909768759035,0.12489730618688821,0.0026577986529428745,0.004058051406677828,0.003245146196268459,0.0009032242668030631,0.0026577986529428745,0.004212651975948751,0.0035046403538412734,0.005870000955057511,0.0037611536868233614,0.0037611536868233774,0.007644186418393683,0.045944213341243635,0.017051149004606705,0.01619827964668993,3
TCGA-LGG,svm_early,20,0.6222222222222221,0.5511111111111111,0.6333333333333333,0.5611111111111111,0.6222222222222221,0.5733333333333334,0.26507118289501136,0.23555555555555555,0.7777777777777778,0.7777777777777778,0.8537037037037036,0.6393927582714425,0.44922098181018777,0.33048538221374607,0.04194352464039306,0.09341266469770533,0.07637626158259735,0.10183501544346314,0.04194352464039306,0.11215069227507153,0.09215165284640456,0.09668582185692041,0.11706281947614149,0.11706281947614149,0.07659484021345757,0.0054136976261288565,0.005600533639070102,0.03061218796501594,3
TCGA-LGG,svm_early,50,0.6027777777777777,0.5903933103933103,0.6066666666666666,0.6135317460317461,0.6027777777777777,0.5933786583786583,0.21540621292943252,0.20652173913043478,0.6967777777777778,0.6967777777777778,0.7569973544973544,0.6779624767950914,0.477229062053711,0.3047536793123415,0.07842783897268833,0.0861982649166008,0.08082903768654763,0.0817967460963923,0.07842783897268833,0.08704808139217017,0.16018167860682359,0.15852906351251764,0.12252089768839587,0.12252089768839587,0.10265167428808931,0.09572256188745755,0.08106166771081924,0.059821463390357155,3
TCGA-LGG,svm_early,100,0.7291582491582491,0.7213575807390588,0.7266666666666667,0.7397078384578384,0.7291582491582491,0.7217983017192197,0.4682835810078301,0.4545411336860699,0.8088754208754209,0.8088754208754209,0.8196363552282767,0.6305966283567844,0.3892693316043992,0.21534845068670708,0.0321844136076894,0.04005940555524653,0.03511884584284244,0.0250867480077026,0.0321844136076894,0.040834111914450036,0.057390198401137925,0.06716955843300877,0.03652098579113294,0.03652098579113304,0.029629850785967197,0.08814644374199086,0.05763550544860872,0.02047476663345905,3
TCGA-LGG,svm_early,200,0.6625730994152046,0.6594401719182882,0.6616666666666666,0.6666235832712478,0.6625730994152046,0.6596403948406953,0.3291276468368027,0.32422252836582605,0.7370091896407686,0.7370091896407686,0.7506636344704938,0.8377075893430188,0.5082547145849964,0.2661914595157802,0.04713934166662241,0.04765007658055003,0.048562674281111544,0.04799643922623852,0.04713934166662241,0.04819407678936966,0.09504169367065896,0.09472176446983248,0.034895043246123164,0.034895043246123164,0.024547872770063896,0.09899507795324719,0.055554383851102035,0.036369449285953336,3
TCGA-LGG,svm_early,300,0.6909908165157054,0.6871179614073101,0.6888888888888888,0.6954997891227279,0.6909908165157054,0.6871830735505867,0.3864254856334281,0.3793973552231402,0.7519641532920177,0.7519641532920177,0.7504443389434127,0.7688814351785683,0.47700473802622795,0.21468245363044658,0.01526126529136797,0.013758248946154688,0.0138777733297742,0.01649271794271129,0.01526126529136797,0.013467844578606822,0.031662344680724035,0.028690331788008786,0.007600539939793742,0.007600539939793742,0.019874341683407824,0.012511136253916958,0.0028333660277777327,0.012015636809281171,3
TCGA-LGG,svm_early,400,0.6635929337275727,0.6607434885285857,0.6616666666666666,0.6651608005203512,0.6635929337275727,0.6607625160523737,0.3287247112663081,0.32530046857317396,0.73027125744384,0.73027125744384,0.7248051866753832,0.8040856601742865,0.49547916751011206,0.2104642026070538,0.016401209020937398,0.01713592470245824,0.016645820296198367,0.015525826406107581,0.016401209020937398,0.01724905124572046,0.03192642802876674,0.032783756626671545,0.008472679536556714,0.008472679536556714,0.006386882186762798,0.031790419842787555,0.0141045457324961,0.006957928888755846,3
TCGA-LGG,svm_early,500,0.6891219384159584,0.6858399619870035,0.6870918936136329,0.6919997841493499,0.6891219384159584,0.685749408998563,0.3810902711849362,0.37638545845977606,0.7479735208036704,0.7479735208036703,0.7425230260406283,0.7413192861238729,0.47188588827729877,0.18830620837765008,0.010076131464446851,0.00953983816556018,0.009673200113204723,0.010749171710896926,0.010076131464446851,0.009434408602325674,0.02082320030518403,0.019746050772290972,0.010433548898366132,0.010433548898366198,0.012629611333362737,0.021223104761130162,0.010826807292904216,0.0017336248987237426,3
