dataset,model,ratio_per_omic,balanced_accuracy_mean,macro_f1_mean,accuracy_mean,macro_precision_mean,macro_recall_mean,weighted_f1_mean,mcc_mean,cohen_kappa_mean,macro_roc_auc_ovr_mean,weighted_roc_auc_ovr_mean,macro_pr_auc_ovr_mean,log_loss_mean,brier_score_mean,ece_mean,balanced_accuracy_sd,macro_f1_sd,accuracy_sd,macro_precision_sd,macro_recall_sd,weighted_f1_sd,mcc_sd,cohen_kappa_sd,macro_roc_auc_ovr_sd,weighted_roc_auc_ovr_sd,macro_pr_auc_ovr_sd,log_loss_sd,brier_score_sd,ece_sd,n_units
TCGA-BRCA,logreg_early,1e-05,0.7168392808890722,0.6723363043061955,0.6689160072383756,0.6604476885641214,0.7168392808890722,0.6821345975153151,0.5232548463532802,0.5120577210610117,0.8765984757102373,0.8470749193000374,0.7290044925018141,0.7318986481276871,0.4423115721371384,0.1164667511732509,0.005842050525611193,0.004196566527535171,0.006693207617951668,0.003470805772957648,0.005842050525611193,0.005710694788829668,0.007167980391191058,0.007996648882154265,0.0022209950187794766,0.0013879548657978631,0.0016234362725346748,0.001763519429817768,0.002255868016870798,0.0045376815374363055,3
TCGA-BRCA,logreg_early,0.0001,0.7506156139985332,0.7170259366868269,0.7181151085756349,0.704285160151382,0.7506156139985332,0.7269589128534277,0.5816325830459372,0.5747746513205978,0.9011161318765715,0.8786739716833881,0.7747716063342295,0.6665149628647009,0.39222215939872607,0.1086661196318688,0.005809512632479845,0.004273885005102898,0.0019107948357211196,0.006323201787973925,0.005809512632479845,0.002296890888329626,0.0034929012296101318,0.0033236453120065613,0.0017405681304989312,0.001165160971266338,0.0060008845470501905,0.010584229007334916,0.0032429350428657,0.001211437719347798,3
TCGA-BRCA,logreg_early,0.001,0.8045671829109425,0.7915261968250418,0.7863601858667648,0.7874340266165795,0.8045671829109425,0.7919515223659274,0.6726734801159603,0.6695939362627565,0.9290044552022901,0.9117847034906693,0.8422687724248,0.7176441393532974,0.32792326164963,0.11801470578004064,0.0015252786254561028,0.003630489617143609,0.003842131494369843,0.007045830424737603,0.0015252786254561028,0.0038582334607741987,0.005465826132190283,0.00538165022710923,0.0019065060502953812,0.0033516263981771956,0.004363670528279599,0.024488714589166433,0.007438025170247079,0.007188829125134572,3
TCGA-BRCA,logreg_early,0.01,0.8357989402677699,0.832187232806073,0.8578678996442154,0.8329746692638048,0.8357989402677699,0.8587833528180829,0.7765788042660424,0.7754262170501199,0.9678902475306872,0.9641696844823682,0.9052237980520211,0.46919740917625363,0.21638205231345822,0.08131959507263407,0.0034711667724083204,0.005488203788945096,0.009329855522199334,0.007871073861966895,0.0034711667724083204,0.009047938472922094,0.013626794798852461,0.01417226920749252,0.00271673786231528,0.003264790747473707,0.00607929999821203,0.022491346244676007,0.011228490906714522,0.005468176349389803,3
TCGA-BRCA,logreg_early,0.02,0.8348584715980238,0.8334035077424681,0.8608222917433443,0.8379355117094366,0.8348584715980238,0.8613710025712568,0.7808946827754014,0.7794388628498311,0.9700937014235239,0.9665962571659996,0.908491684948749,0.45007120704512876,0.21021255625423876,0.07865724000171208,0.0014379027768306241,0.0011926452191364178,0.0016950125987018013,0.003266578132577569,0.0014379027768306241,0.001968438159629012,0.0019400614863464213,0.0028095365030731453,0.0013352247404551025,0.0022270596148808944,0.0021397588645586554,0.016043792718705246,0.006160452845935707,0.0031219232121422425,3
TCGA-BRCA,logreg_early,0.05,0.8419508933023075,0.840415736404828,0.86595663108821,0.843504947521108,0.8419508933023075,0.8657468832303445,0.7880987751837948,0.7870081607281197,0.9722762321707544,0.9691828099550394,0.9120400439140277,0.4455916991072726,0.202488522009315,0.08088310569184916,0.006301337117683719,0.005179080691763725,0.006696776436914063,0.004845578537913127,0.006301337117683719,0.006730834805683768,0.010309102208762333,0.01073360543038935,0.0004613526661172429,0.0005607204731834375,0.0015354359002405801,0.008003254877419347,0.005916783288579467,0.0027493580715359073,3
TCGA-BRCA,logreg_early,0.1,0.8462886320671421,0.8469274237297683,0.8724983897681268,0.8546034421681377,0.8462886320671421,0.8713696655954525,0.7977273040995048,0.7962441230131324,0.9728989793637514,0.9698472211978846,0.9157258747912879,0.4476708175613225,0.20335339904845684,0.08314889158135826,0.009984459797722618,0.004152040090304014,0.0025085855818519345,0.0046160951836177406,0.009984459797722618,0.0026876733597391796,0.00408612535967193,0.004410493882455266,0.0007026667014566534,0.0012462108743478387,0.0018229886045137422,0.013566203500884996,0.004937793010853745,0.0012592094151539822,3
TCGA-BRCA,logreg_early,0.2,0.8328008497380249,0.838269092279846,0.8661115200588885,0.8514877449960295,0.8328008497380249,0.8646308089733724,0.7870671386249392,0.7853345062198082,0.9707522030723932,0.9680690367139789,0.9074461109108105,0.48099829886192796,0.21308935016647493,0.09157123929902995,0.018151334791087707,0.01282599759102585,0.008357899842188316,0.011509167314073743,0.018151334791087707,0.008501084767791744,0.013778338712865466,0.013872207716437665,0.001261341652907228,0.001623841934012431,0.005599303769139901,0.013111410906522356,0.008486995677115493,0.005543986727142255,3
TCGA-BRCA,logreg_early,0.25,0.8287284523192856,0.834368864554496,0.8625958471353208,0.8467029464931374,0.8287284523192856,0.8610307346337053,0.7813883025501845,0.779705191642619,0.9699549068563673,0.9670116580564355,0.9046569504784202,0.4963537739952038,0.21867977757174303,0.0935969869881577,0.015086546296767922,0.009581447152012547,0.005035212472838051,0.007562417662643929,0.015086546296767922,0.005609486472831311,0.008456876426512423,0.008923609856358837,0.0014857231134087648,0.0018229071992768942,0.004922633079491424,0.010900611773056434,0.0067136863770745625,0.004504657724719034,3
TCGA-BRCA,logreg_early,0.5,0.8146439035930051,0.8211448979224646,0.8538047478836953,0.8345223763473649,0.8146439035930051,0.8507118169253677,0.7667571220792609,0.7645257871222806,0.9661397553706287,0.9629630074612955,0.895749332766847,0.5460016106805354,0.22992388272266728,0.10273058283563068,0.017815751799975015,0.014425072051108543,0.008663044042999028,0.009902604108414419,0.017815751799975015,0.00938267869046105,0.013768662770289937,0.014407973374608144,0.0012837503593488566,0.0017163847379154267,0.003707378447434404,0.018715308609138066,0.008330863528618422,0.004421689915497937,3
TCGA-BRCA,logreg_early,0.75,0.8042365513418174,0.8130693486433508,0.8477280395043553,0.8293144443423728,0.8042365513418174,0.8441527274790315,0.7565069904467435,0.7540513870847839,0.9630341690927261,0.9593829006104277,0.8897643246923197,0.5842876126896813,0.2416919757678783,0.10973072129321465,0.012242629129938686,0.011155815349399275,0.007755018934086442,0.008644490787282926,0.012242629129938686,0.008284161569976394,0.012026592472771014,0.012784007742066674,0.0016054537223874027,0.0018285163327426978,0.004671817894189882,0.01802810735732932,0.00802693791256705,0.004634185969560927,3
TCGA-BRCA,logreg_early,1.0,0.8001463567760175,0.8102197844687531,0.8469282910072383,0.8281835683599855,0.8001463567760175,0.8428044677015297,0.7550562197432477,0.7524346155062259,0.9625963771379689,0.9587399556753388,0.8879765500562914,0.5843181752470649,0.24399807263132867,0.10828022632544933,0.008970336554783877,0.0075965122347922635,0.002825091567425367,0.004414311300934067,0.008970336554783877,0.0032080305927420618,0.004088301577688227,0.004770036696689437,0.0017449429246922299,0.0017232393291355262,0.006169068291350202,0.02612302356550072,0.009922521767231907,0.005040851196380494,3
TCGA-BRCA,logreg_late,1e-05,0.7013073066095146,0.6334757952430913,0.6032553521040364,0.636526725719227,0.7013073066095146,0.6123199794585227,0.4840079033867208,0.4489136821658657,0.859998195826535,0.8132075564282827,0.6881869173449159,1.0113464885429888,0.5571523854514199,0.21342804084623324,0.0007131606650613199,0.005865803765132444,0.01196950482664987,0.001729056479509381,0.0007131606650613199,0.013859044244228133,0.007310164744726898,0.01176086323591204,0.0022508548727213674,0.0021878205010372512,0.0014921685478558977,0.0020430347578286622,0.001006648943145933,0.015224401240507574,3
TCGA-BRCA,logreg_late,0.0001,0.7713153711481943,0.7306611114541885,0.7234737302171513,0.7180247630216469,0.7713153711481943,0.7343467954383098,0.6067395305889756,0.5923207735562899,0.8994258309342632,0.8725284045425231,0.7680489204007467,0.9285613835618336,0.5085616371150352,0.29654235200885676,0.0007684364077926183,0.002465665902449074,0.0018204375171079255,0.002773612955141453,0.0007684364077926183,0.0015790933633116463,0.0018904510719080924,0.002284262147628155,0.0006793000697232858,0.0006565626218756129,0.004248623478931689,0.0006076337840673417,0.0005776663358848314,0.0019933951626287224,3
TCGA-BRCA,logreg_late,0.001,0.830694320766238,0.8122937004081067,0.8040884554042448,0.8037262272577594,0.830694320766238,0.8096225936764313,0.7035148921265675,0.6991507087449874,0.940489951337052,0.9247052122723401,0.8557143377129028,0.7417040372973159,0.39915417842936013,0.2855177760758682,0.003889003233603667,0.0049214759570513425,0.0026120452082697256,0.006264547999807936,0.003889003233603667,0.0030419189893215524,0.003994774821418409,0.004069328502919403,0.0011673488168005314,0.0011513349582161349,0.004506047881313799,0.0009360796013065954,0.0011518926642818139,0.0023247069311626758,3
TCGA-BRCA,logreg_late,0.01,0.8563082037190238,0.8492888192204179,0.8635374493927125,0.8467936466897279,0.8563082037190238,0.8638283625273826,0.7855690416286469,0.7844900211375984,0.9669454897023946,0.9601193762379626,0.9132504618232544,0.5024731549801701,0.25914273055535325,0.2005061960804527,0.007160090773712685,0.007645048998621376,0.008823666779692046,0.007959336874708348,0.007160090773712685,0.009347193963372004,0.013781463355756697,0.014215584369391394,0.0021567531671902525,0.00279482899268535,0.002424330622950166,0.006864290843836243,0.0041106943265794595,0.006624332774327987,3
TCGA-BRCA,logreg_late,0.02,0.8603497360798826,0.8546550062840002,0.8727322567783095,0.8543860222292126,0.8603497360798826,0.8724792369194777,0.7995542168875964,0.798472533691644,0.9703521860775979,0.9648979227480031,0.9166792716936426,0.44441528597883123,0.2302110303349916,0.16383328066414732,0.003730940856661083,0.005157587014617983,0.006723151001186415,0.0061286022623652445,0.003730940856661083,0.006796270554278583,0.009844072190941675,0.010421073497429054,0.001143523650172519,0.001538773646861073,0.0045916696054026105,0.004379836250467984,0.0033918767316837494,0.0068174443507974004,3
TCGA-BRCA,logreg_late,0.05,0.8679822509602219,0.8612852797219369,0.8762433290393816,0.8586174749927705,0.8679822509602219,0.8764032074941612,0.8050752401040081,0.8042398483117917,0.9729354041152286,0.9670663582288482,0.919197646719931,0.39213405064693685,0.20656078053066088,0.1283481054048643,0.001574092976691605,0.002266314668867229,0.002811421947607807,0.003835928077926189,0.001574092976691605,0.0027256817160759956,0.003727763867740907,0.003937874082996052,0.0011398611855840295,0.0014240575708364708,0.0033521187649311127,0.010229101644840468,0.0029559404576991835,0.0006398687134620473,3
TCGA-BRCA,logreg_late,0.1,0.8589923250049107,0.8587787880176198,0.8767313826524353,0.8636718570933711,0.8589923250049107,0.8759434069327403,0.8044191085106182,0.8033297573087642,0.9727184378232074,0.9669541315533933,0.9172546888817864,0.3707042763285542,0.198885784600586,0.10746537353479373,0.0027357476404507065,0.005132245921668672,0.0025668739549643133,0.00616856617524337,0.0027357476404507065,0.0027398974396600803,0.0035456111346956203,0.003935329798814456,0.0002993094797635096,0.001038134510552294,0.002290231549401018,0.0021886570438180678,0.00146354660484396,0.002802636329492611,3
TCGA-BRCA,logreg_late,0.2,0.854669504434805,0.8582610965922016,0.8761655011655011,0.8671004589512298,0.854669504434805,0.8749167588061444,0.803011502445513,0.80186003596764,0.9720985539536171,0.9664484944678403,0.9169346142673404,0.35643603562464937,0.19355740390526135,0.09462511700442788,0.000705929799767142,0.0028925014993830636,0.0031684464694761057,0.006582216077464916,0.000705929799767142,0.0029080235702295784,0.004554628971298269,0.004674568858080993,0.0005005068173973661,0.0005484526985615411,0.001182404173754303,0.004685677046131852,0.0031246326547940705,0.0016723239452494593,3
TCGA-BRCA,logreg_late,0.25,0.8571420757181474,0.860793173573609,0.8786437246963562,0.8693943244015004,0.8571420757181474,0.877274696362766,0.806721434909231,0.8057305937266199,0.9717975554673844,0.9662792001964599,0.917112524991667,0.35505338057731456,0.19183715721566288,0.09197624097111624,0.0020255466357813347,0.0034167104757823383,0.0027728818697767784,0.0047852837707108445,0.0020255466357813347,0.002348163395947402,0.0038146744190012197,0.0038256722452223372,0.0008315262762897978,0.0010933105079470322,0.0023336811949126847,0.003795874476044297,0.001913031431012373,0.004505829726398902,3
TCGA-BRCA,logreg_late,0.5,0.8392319897582937,0.8463169539738248,0.8697728806281438,0.8607962275954706,0.8392319897582937,0.8669512353360703,0.7924437853658199,0.7904368932436444,0.9673195726989556,0.9623055445670121,0.9109179115715413,0.36757352824957806,0.19646523746352784,0.07589297874931873,0.007817563281692952,0.005996451664137069,0.0042952133045623744,0.004526417969942643,0.007817563281692952,0.004502023676087483,0.0067515333445759065,0.007161717072282598,0.0018883441028079955,0.0016033923888663906,0.0003379756867460401,0.007139978987604491,0.0018256302941201013,0.0007963496214634064,3
TCGA-BRCA,logreg_late,0.75,0.833531018114633,0.8420656508922472,0.865936311495522,0.8586521207671328,0.833531018114633,0.8626050400287717,0.7860684342826184,0.7836943211884261,0.9651902356880591,0.9598695963000164,0.9053699605480084,0.37509434622181576,0.20095736028295189,0.07612153745734561,0.00482858173926797,0.0029517966824182695,0.0008747509270938563,0.00485277507099611,0.00482858173926797,0.0009051173588889701,0.001817322778001051,0.0013148943680343283,0.002896000869994491,0.003348013895275265,0.0025605204292338994,0.014604049900855837,0.0048834718010380375,0.003988865925276094,3
TCGA-BRCA,logreg_late,1.0,0.8302085856982627,0.8387411569501744,0.8609005030057663,0.8554125835741108,0.8302085856982627,0.8574957476524148,0.7780206315173238,0.7754863899364547,0.965030301231225,0.9593708754207837,0.9024020115800915,0.3748913206306135,0.2033313044961641,0.06994282483106912,0.002941578342831689,0.004769430131323045,0.004511169858478915,0.008361198871745756,0.002941578342831689,0.003878143318034705,0.006670247701044579,0.006463315369424838,0.002475840096009469,0.0029679475311081803,0.003056491347685353,0.010199354701607193,0.003990542525888123,0.0028015048164151683,3
TCGA-BRCA,mofa,1e-05,0.3975793356928637,0.26420880812221625,0.2794913967611336,0.39796121371606247,0.3975793356928637,0.23804626212238486,0.14734113157618353,0.11369689501250681,0.5811267833091045,0.5560555594703036,0.3036848636961594,24.806924476168685,1.4299296725162065,0.7146923782962387,0.009225802160304452,0.004322280873112417,0.0020603216382279223,0.026493907895553,0.009225802160304452,0.0032132947633132097,0.01011473590545814,0.0060272215158037835,0.004400878173489644,0.002895044332542956,0.0015978446885620667,0.23914431762983362,0.0022507227593905775,0.0009510496426005702,3
TCGA-BRCA,mofa,0.0001,0.5758747734783752,0.5080920138365775,0.5094633071606756,0.5122294995426008,0.5758747734783752,0.5105158781889837,0.32842062628006047,0.3102088956995348,0.755275018971857,0.7260393900211636,0.5556042279685854,4.785120450322451,0.7227776696664483,0.2774337912919627,0.014874675060109135,0.026675896214282974,0.018064229112383905,0.023178601527048807,0.014874675060109135,0.02439435418487982,0.01506595416235922,0.014761795648433126,0.016957308289105962,0.014116785168393792,0.020882044035367125,2.4548139254842054,0.07649654254860155,0.05345348230434391,3
TCGA-BRCA,mofa,0.001,0.6385569845344982,0.598698046348085,0.6218684823947982,0.6064946314631108,0.6385569845344982,0.6192619309196766,0.4668972981409589,0.4576054579919238,0.8057672064524831,0.7933617802503838,0.6231411531285476,4.845746697130242,0.6156248226711284,0.23244307613733442,0.057052112256030865,0.06820238378155334,0.06483661941789859,0.058613924472424396,0.057052112256030865,0.07162160160223947,0.06810253802771317,0.06977189791756723,0.045850284494830064,0.04428809006009214,0.05705883390721534,3.5623456578236175,0.1461087865654874,0.08027929212740943,3
TCGA-BRCA,mofa,0.01,0.7461313061039817,0.7103665982349937,0.7335756348914243,0.6985834504194225,0.7461313061039817,0.7411217225360015,0.6119037581248102,0.6023282442611676,0.8936921975372086,0.891433722748263,0.7505655819855647,1.0160952644239893,0.396824919570198,0.12980689616309127,0.009975418154624988,0.011234662927370348,0.010862199801625626,0.01097961074961115,0.009975418154624988,0.01138037864788387,0.012711160746136678,0.013870937774065053,0.007670222912717084,0.0077181698649775145,0.007228706907303286,0.11736246628769464,0.011645569601512116,0.0022351743456641635,3
TCGA-BRCA,mofa,0.02,0.7465000758168752,0.7140733711413393,0.7563858473397946,0.7032067094256003,0.7465000758168752,0.7629286412033439,0.6395276998672469,0.6318989278426462,0.8975258703674504,0.902561581887959,0.7526086277507948,0.8743592276710089,0.37291195830842766,0.12102792282349902,0.013994552927820782,0.014569501408060924,0.0057147584531449525,0.013812519378631611,0.013994552927820782,0.006938943477380365,0.008771223194924392,0.008653399737367156,0.01042892917094172,0.006223229177464921,0.011643628399249544,0.06787585160129506,0.00755851368593728,0.0032334888403323958,3
TCGA-BRCA,mofa,0.05,0.7594050176374297,0.7294172716602721,0.7668446867460026,0.7217899313353251,0.7594050176374297,0.7743919027193166,0.6569956115222894,0.6483475672212247,0.9148482640803312,0.916233609681767,0.7722377388100954,0.7544482738710035,0.35709695306882067,0.11792271933852638,0.006352633428221283,0.00590352248027284,0.002652035533579976,0.004338377069007128,0.006352633428221283,0.0025144279868648135,0.0036104462950234113,0.0040235171911694985,0.006016446129533864,0.003480161020807964,0.011851101104585968,0.04066811248603964,0.006500185934950461,0.004985436248575248,3
TCGA-BRCA,mofa,0.1,0.7583515110248965,0.7308979763573576,0.763933745348219,0.7219845546882357,0.7583515110248965,0.7715432722660879,0.6505864341389392,0.6431532686756231,0.9136055789973051,0.913359430810615,0.7769017342210981,0.7639159047930247,0.3582831816392869,0.11841422339050527,0.004367637359052848,0.0030328569417257963,0.0046758299798849426,0.0023963962838517237,0.004367637359052848,0.0043115615710812155,0.005151268936803827,0.006196971068106111,0.000753609045795303,0.0015413432034721306,0.002208357486054585,0.0060004062586913424,0.0037764814755181933,0.002359588709961112,3
TCGA-BRCA,mofa,0.2,0.757258847784598,0.725151987128409,0.7649406514538093,0.7150586826735444,0.757258847784598,0.7719729450305794,0.6504712532921775,0.6438215249185468,0.9133633822626734,0.9128408564125144,0.7788676160986033,0.7963733094986313,0.3562714564039076,0.10968207089743039,0.004425689397663805,0.004221945276018681,0.0057555278203784204,0.0050939331992560285,0.004425689397663805,0.004948907435929281,0.007291608725942134,0.007863329229874571,0.0028659072527599375,0.0027923759961319527,0.00433810980473533,0.0106760048885902,0.0064191031269277945,0.0015499861970942287,3
TCGA-BRCA,mofa,0.25,0.753722983652863,0.721176346489434,0.7614794197031038,0.7120945375172708,0.753722983652863,0.7681656663218713,0.6459877189270026,0.6390521118142332,0.9130134591897773,0.9124588425281873,0.7766208106035801,0.7951242634643493,0.35930779728909656,0.112791336989167,0.0038467483570165375,0.0033603064194797673,0.002790045777931035,0.0017160335964551533,0.0038467483570165375,0.002177560258375057,0.004640206542454034,0.004611837857245318,0.003331941298674091,0.0026634241104457877,0.008097336161962815,0.02438123397155829,0.006007804648164535,0.0030819838978757156,3
TCGA-BRCA,mofa,0.5,0.7564190852484867,0.7197682844049064,0.7621545669243037,0.704653227047892,0.7564190852484867,0.769466724199984,0.6473489164844767,0.6409630788137731,0.9174796733918388,0.9171088537384219,0.7827196334326386,0.7676329138577564,0.3554841319842608,0.1112751220290857,0.005648521881449659,0.006903503476847774,0.004884724336565179,0.007486668565039317,0.005648521881449659,0.00500284345919034,0.006778716655175248,0.006951654488052576,0.0017510665252271748,0.001316265604932335,0.0021801556637862578,0.023884002003929056,0.005056501943383747,0.003190181579319751,3
TCGA-BRCA,mofa,0.75,0.7530950566699296,0.7145157500781264,0.7573338394062078,0.6989532131232855,0.7530950566699296,0.7653059434774443,0.6416303778690776,0.6347093591623082,0.9128599071379164,0.9126808859687987,0.7639178591743243,0.8811742326658686,0.3681888091876882,0.1184925322810718,0.0022352599241073925,0.004106128942158697,0.004295128931697928,0.004902881009277132,0.0022352599241073925,0.004599984564775471,0.005142517571292006,0.005734934080544587,0.0003553789757975791,0.0014436659134889516,0.004270995710597892,0.04623204944290056,0.0034936396061992447,0.0016977901248618644,3
TCGA-BRCA,mofa,1.0,0.7436647352483252,0.7060647365285688,0.7544827066208645,0.6916005254328358,0.7436647352483252,0.7634407098791781,0.6374213741231746,0.6304580716802072,0.907012774487597,0.9086795336088885,0.7455365911473614,0.9362032276365064,0.3725908772996666,0.11712027445574401,0.004845605378834333,0.005305433705436198,0.004454816415923975,0.0051382488276105675,0.004845605378834333,0.004979763655245313,0.006076975872325461,0.006490477623566673,0.0024808286307355597,0.0017380952738224745,0.004452382705545522,0.011763331775003043,0.0054507878869805935,0.001548193910372297,3
TCGA-BRCA,pnet,1e-05,0.6369917246334157,0.6257317415333948,0.7376875195954143,0.693412775942379,0.6369917246334157,0.6785574574420999,0.577531606323001,0.5396165612446432,0.8656738780029224,0.8353618391083014,0.7176779923616564,0.6721688760096782,0.37360036306126077,0.06859741390044596,0.0025774340869244984,0.0013547875112507118,0.001208470585556574,0.017551198736677556,0.0025774340869244984,0.0009265107133934908,0.0020741158147964843,0.0017160621114466162,0.0014492028322615556,0.003008047306028943,0.0011999611503967322,0.010073756452052307,0.0013034833382727818,0.0023489879535577257,3
TCGA-BRCA,pnet,0.0001,0.6754824838799971,0.6826763142998223,0.7618832556332557,0.7485429178051423,0.6754824838799971,0.7254236953974851,0.6151610954619694,0.589909902777861,0.900376904914884,0.8764730498053988,0.7737582061933038,0.6088423068568837,0.33416878745619716,0.07404799203076885,0.0022986639607253077,0.004821101526634048,0.002060868593688257,0.0031014102759249038,0.0022986639607253077,0.004385860433391049,0.002389202990879563,0.003971865124526108,0.0021368980830065603,0.0029465943515255433,0.003664659263244694,0.0240706537445392,0.001599522364932275,0.0045415669749643605,3
TCGA-BRCA,pnet,0.001,0.7683490240201992,0.7755882270938276,0.8055524884472254,0.8045836778580538,0.7683490240201992,0.7935665652572225,0.6880809378017462,0.6805930265365258,0.9338674166192042,0.9165815823673703,0.8481951537057788,0.5147720106180764,0.2750666294412325,0.06807750239323374,0.009546227568228961,0.008970585129465863,0.0013975161346334653,0.004703509385970686,0.009546227568228961,0.004147706407514376,0.0026708185791246104,0.0017081371666123754,0.0016319133485087573,0.001985047860244921,0.0028802744910081247,0.026176455119758475,0.00218030984315397,0.004175299064221166,3
TCGA-BRCA,pnet,0.01,0.8150548686399586,0.8232102658716766,0.843840905683011,0.8405648332254918,0.8150548686399586,0.8410551891859698,0.7505606206956538,0.7474471550357968,0.9360089537259073,0.9278984735523342,0.875059619545486,0.9624480224122931,0.23570568548633028,0.07869378828755856,0.0075701072747124615,0.005498195573642656,0.005303672092813792,0.010088084267889128,0.0075701072747124615,0.005505288811915769,0.008096301331225462,0.008316434949179332,0.011874500779219931,0.012165605865514777,0.014099255695240672,0.21683678663463538,0.009805272282814593,0.004651369992834416,3
TCGA-BRCA,pnet,0.02,0.792737448185561,0.8073913925956706,0.8336944853392222,0.83483323806403,0.792737448185561,0.8303537507617064,0.7329922722687162,0.7285816934460367,0.9043093784410944,0.8989361592169564,0.8428983997760575,1.54276386962265,0.2564724493585244,0.09122876890227527,0.016862343281319733,0.00953663721523902,0.005855796011243036,0.005377067266029826,0.016862343281319733,0.00770090548653263,0.010934551100792817,0.012802456811026522,0.020748052385470596,0.020267032808720265,0.021352692272464217,0.369624525561959,0.01368191057553016,0.007535862444088776,3
TCGA-BRCA,pnet,0.05,0.8135034096751351,0.8258545450757016,0.8498071981624613,0.8490829888949386,0.8135034096751351,0.8475106251713789,0.7593917673434459,0.7556381407541704,0.9081856612108422,0.9039458716226401,0.8518375105860815,1.5652808799171025,0.23967268495068658,0.09096315402280782,0.01879212458398217,0.01270477978448315,0.008265386320846595,0.006137700063831873,0.01879212458398217,0.009568407583174877,0.014782701133482793,0.015943367219751182,0.021831889202128054,0.021627310634582522,0.02444110335688734,0.3939882997295289,0.018184244797276265,0.011215911695257267,3
TCGA-BRCA,pnet,0.1,0.8173463626522056,0.8280366427723789,0.852786212325686,0.8491061450487815,0.8173463626522056,0.8511270298747112,0.7648125267501565,0.7614563984357453,0.9099147923539269,0.9067486964182082,0.8520645957696861,1.569060758125327,0.23670025856867027,0.09225059121991475,0.012176494336704258,0.008417114545851754,0.006722366261334256,0.006103013631070509,0.012176494336704258,0.007137267341976022,0.01088209968950855,0.011770956900386754,0.021394137351999323,0.021186875972173416,0.023499317016979757,0.3910049637788976,0.017097034978822232,0.009814791445844235,3
TCGA-BRCA,pnet,0.2,0.8127027840829767,0.8227546685710428,0.8488448929238404,0.8430060329835412,0.8127027840829767,0.8470092689682535,0.7581155414279515,0.7548743711931274,0.9073904069877513,0.9037421542671016,0.8485521845179024,1.5776586423791301,0.24259760226928304,0.09438400191973183,0.016825426683720786,0.009855237440810455,0.0070684871105001195,0.0021739988378999225,0.016825426683720786,0.007776173026697496,0.012694450296552494,0.013379819909823206,0.021382320671447328,0.021164865107306634,0.023373495876550115,0.3910801045095727,0.01647358632206374,0.008716391561350833,3
TCGA-BRCA,pnet,0.25,0.8079190442218893,0.8182288894197325,0.8459016616911353,0.8397051449150954,0.8079190442218893,0.8437801475179699,0.753231331599617,0.7496811360405035,0.9060712389922901,0.9023921756676323,0.8462798056517862,1.5809962852372195,0.24600667010274405,0.09562314141509067,0.013665031250366444,0.006607429170575857,0.004900943139866299,0.000344467493667178,0.013665031250366444,0.005596824057042658,0.009402141783425995,0.010033753832592049,0.021830245076907038,0.02191575097659897,0.02315714766791372,0.3885749778240116,0.0154037674984606,0.00773912817487566,3
TCGA-BRCA,svm_early,1e-05,0.6916049416472618,0.6364718425513419,0.637400510673537,0.6348530103066398,0.6916049416472618,0.6355789873508773,0.4973785548633369,0.47345852263405624,0.8678442732478482,0.8413852112563037,0.6949230653468764,0.6684554904722878,0.3865776178761278,0.06818084390302527,0.0017882422279724155,0.0017172426474008865,0.005146954637595218,0.005824474229630405,0.0017882422279724155,0.0048953584970279585,0.004168952046843495,0.005124467626919523,0.0020191059957325743,0.0014616681425244072,0.0009358126506182023,0.006421910389149748,0.003785061009519571,0.00594674855460886,3
TCGA-BRCA,svm_early,0.0001,0.7165901773749201,0.6797023775651961,0.6843709744203165,0.6785940455671969,0.7165901773749201,0.6814274400712016,0.5523070650348441,0.5317301122559678,0.8841038069329074,0.8603544488466103,0.7216060569654452,0.6491317499771937,0.3663698362933394,0.07492525782397289,0.003679701739588826,0.0025486211606618086,0.0028321960887151957,0.0033124710390875765,0.003679701739588826,0.0031088196433027575,0.0037286338102675743,0.004434263743777791,0.00120552977785646,0.0007019171644369525,0.004356276350042884,0.004931896689156129,0.0025158023236892305,0.00212508642940452,3
TCGA-BRCA,svm_early,0.001,0.7268799825019402,0.703021308560011,0.7184417556128082,0.7212489236211392,0.7268799825019402,0.7120085821810399,0.5951964009223069,0.5787635031406362,0.9055582151356347,0.886617295215203,0.781202605430907,0.749212105878792,0.36420240419494493,0.12174572561192844,0.004840170314621463,0.004390460437217747,0.008193768098309302,0.0062634920743596485,0.004840170314621463,0.007750675723886391,0.011424756098831857,0.012055676243485258,0.001251039583446333,0.0035598254927229267,0.004997330069473322,0.008151988295120233,0.009324987808643126,0.006174006106354111,3
TCGA-BRCA,svm_early,0.01,0.7460847002511429,0.7242410405908971,0.7606836967856704,0.726068173687461,0.7460847002511429,0.7461842428523932,0.6508001479163751,0.6480731522474162,0.9266016713592973,0.9206013721441847,0.82869227448961,0.7994479184715021,0.29862324682514957,0.1094786106522464,0.008179729561623954,0.006814817437392966,0.006967028043586109,0.0029378657368540236,0.008179729561623954,0.007047460385577288,0.01009059107842881,0.01120203767131383,0.0032926314913297823,0.004830450537585679,0.011838425035980264,0.027405967598204805,0.014506481952260501,0.0045500222222254845,3
TCGA-BRCA,svm_early,0.02,0.7438625661735085,0.7220699757524827,0.7626424288430868,0.7221213022585816,0.7438625661735085,0.7476567681461884,0.6533188408970765,0.6510612737033795,0.9261404595298423,0.9240450890262576,0.8241834349094909,0.8122090412970452,0.292328123139776,0.11060265024361128,0.0034331833611838266,0.002548058888427672,0.003358420663926258,0.0018294707842989567,0.0034331833611838266,0.003491414373073693,0.004726439638590016,0.0053409091999141135,0.0010279428592453645,0.0033134504750239216,0.005523447834956142,0.017573082541683643,0.007708443793630949,0.00360191135416267,3
TCGA-BRCA,svm_early,0.05,0.7509400223698183,0.7313948676257702,0.7680834790209791,0.7348902304291264,0.7509400223698183,0.7529087396486851,0.6625784687530167,0.6597649769525344,0.9271654563888058,0.9249343928498787,0.8286457269645561,0.7909924632340161,0.28360432290667564,0.10649634058758689,0.0035152968993978073,0.004116760741653036,0.0025210108768140794,0.005281219099243133,0.0035152968993978073,0.0025631178689368914,0.003598358429192211,0.003720915901892305,0.002354460486662983,0.00213763369035726,0.0007457865077196299,0.012212572291298402,0.0059370899916056236,0.003015616031235246,3
TCGA-BRCA,svm_early,0.1,0.7410529742554518,0.7236159017511614,0.7636074178014968,0.7307066999335824,0.7410529742554518,0.7480846989392784,0.6562641784700278,0.6530408945755695,0.9256284891304108,0.922551012336705,0.8240715629725369,0.7843258944576549,0.2896671180157066,0.10682133890372815,0.006285899505360399,0.0068777875287649995,0.004131519010626033,0.00874064523336952,0.006285899505360399,0.003924895032236252,0.006426905896396052,0.006273827839097671,0.000792259647187972,0.000420636495420002,0.002331314305634068,0.026085201946075883,0.00787992471530713,0.00578446027610023,3
TCGA-BRCA,svm_early,0.2,0.7302269562019686,0.7161794843152478,0.757494287510735,0.7298136294371503,0.7302269562019686,0.7416946632566969,0.6476418030415059,0.6434978326127294,0.9222616205083289,0.9183404808410774,0.8175872718443359,0.7776036564600992,0.29770576949758576,0.11179605669655084,0.006797208352794542,0.00543741463258199,0.005028056414401151,0.006164234130850914,0.006797208352794542,0.005116367124106803,0.00802805142777953,0.008175725867160725,0.001073879989667533,0.0013874661112712157,0.00528667364428357,0.009421208932651033,0.009100716372636937,0.0061554201766147575,3
TCGA-BRCA,svm_early,0.25,0.7225600036517621,0.7079834811552516,0.7520208410011042,0.7213881978614626,0.7225600036517621,0.736016649578611,0.6394928678021109,0.6351092152225467,0.9203523753531005,0.9167083440719784,0.8121354270334146,0.7996593369475128,0.3079934075329907,0.11628893831105806,0.005236456585538895,0.005874544612226638,0.004548234632485874,0.007061448888620508,0.005236456585538895,0.004562102194269641,0.007123653526816391,0.00703569380975533,0.0006070696409024239,0.0006332425963005834,0.004472716031917655,0.0189719526204337,0.007437834478083216,0.004752194253734509,3
TCGA-BRCA,svm_early,0.5,0.7085351216840676,0.6955631980648187,0.7427884615384616,0.7121174461486429,0.7085351216840676,0.7267727839909175,0.6255240793710758,0.6206407576664796,0.9122284980105061,0.9094540048356112,0.7944560317492777,0.851030185899968,0.3259828980889813,0.1268229731133346,0.012526081758098766,0.012339998106148208,0.0072123653593674526,0.012374121614429173,0.012526081758098766,0.0074477539367670395,0.011556222662711597,0.011645152573762725,0.0026936387386153264,0.0018401679581093301,0.011998985112509958,0.021541787250000388,0.012558154494477893,0.006246659461427125,3
TCGA-BRCA,svm_early,0.75,0.6971329204506854,0.6860219536454905,0.7352395411605938,0.7062788718553161,0.6971329204506854,0.7192423945203007,0.6141506362030852,0.6089388716064662,0.9042667127229272,0.902018163928858,0.7799394444236278,0.9039181102246235,0.3398922291863331,0.13277780252094565,0.008114746037857471,0.008336006199117054,0.004806127268221158,0.008023594084404373,0.008114746037857471,0.004954177790606171,0.007391685105900116,0.0076824982968549125,0.0031680751085718497,0.0017465752944353,0.011585848069278258,0.017019251248420096,0.00932074924618093,0.0044941969329079555,3
TCGA-BRCA,svm_early,1.0,0.6835034350894252,0.6729018795004112,0.7267678045638571,0.6960021573556547,0.6835034350894252,0.7107705943877338,0.6010972102917136,0.5955486255915025,0.8967321157777789,0.8950797902758754,0.7687097702126491,0.9477599775024649,0.35443118315179617,0.1358874560036704,0.00687298604899256,0.007157787116713098,0.003299133960731524,0.008324071309217399,0.00687298604899256,0.003776731255693577,0.005003146616085972,0.005652594970918726,0.003912886921286394,0.0017077063423271092,0.013014924038321125,0.013833060866935759,0.007636141319182245,0.003427903789145559,3
TCGA-KIPAN,logreg_early,1e-05,0.8436257579007124,0.8471998883134289,0.8699606097810517,0.8572741361386269,0.8436257579007124,0.8699926915756063,0.7628123953748139,0.7593875718184692,0.9444777460378262,0.9437412392923594,0.903966217679632,0.4386794031309768,0.21656070318578088,0.11161583068463347,0.019789851042030945,0.028753924866642713,0.03274720206546904,0.033121579566872526,0.019789851042030945,0.031617527548436906,0.04997393205628073,0.05388824193952959,0.015041878998240336,0.01812319917591105,0.01760811980033011,0.03946297000071416,0.028744092641380545,0.0038112764102959393,3
TCGA-KIPAN,logreg_early,0.0001,0.886624677751699,0.8924159655528805,0.9154675670145282,0.9024390533389922,0.886624677751699,0.9151135017102111,0.841584131861815,0.8408578576496922,0.9637218324217601,0.9641762986789448,0.931777286549579,0.3781035641392421,0.15098701975334924,0.08211605302390063,0.00709662322758304,0.0068163111960824405,0.0074037473031611945,0.003966151951605219,0.00709662322758304,0.007668449761635754,0.014215480728270353,0.014506360047907226,0.0060986685854811555,0.006425920607052259,0.005648760360232837,0.04947797449241827,0.009012141784216486,0.005914468705910833,3
TCGA-KIPAN,logreg_early,0.001,0.912508380773481,0.896906815789206,0.9288505217925107,0.8896473522531682,0.912508380773481,0.9297902520728739,0.8696830414337695,0.8684449231277167,0.9777590633345349,0.9799078792574688,0.9492951388858729,0.35400048991262784,0.11625771279360508,0.05461678636301499,0.006533808060923237,0.0037860314161246335,0.0037083478387619348,0.002906775135126491,0.006533808060923237,0.0035441448873374656,0.006681342958051432,0.006807810454848113,0.005838681853878848,0.003573018764368785,0.008853749665174998,0.0407228917909049,0.007540911479978204,0.0037436901327561048,3
TCGA-KIPAN,logreg_early,0.01,0.9411675927362118,0.9237442193967172,0.9486310620012278,0.91146275874674,0.9411675927362118,0.9492400258971042,0.9059839083425448,0.9052042508055202,0.9892026756798007,0.990084975445944,0.9733457172487725,0.2587895950895573,0.08374601405172029,0.03948062979644421,0.00719585511133903,0.006773288947079719,0.004878003678303855,0.008718171609120428,0.00719585511133903,0.004835522220392522,0.00904187117863641,0.009003615509460662,0.0017298963167258303,0.0005743406217793656,0.0017343839184429718,0.011068401056517031,0.006818981046807848,0.004090033643002059,3
TCGA-KIPAN,logreg_early,0.02,0.9414086307372133,0.9321437398930278,0.9527046245140167,0.925938064231605,0.9414086307372133,0.9529182629089176,0.9126563074871127,0.9121602861439816,0.990949861999097,0.991598941199762,0.9760767752757086,0.21208080367811724,0.07439225195973714,0.03571046809963846,0.008173791226212142,0.005809501643087742,0.00419796108134548,0.00742632821801995,0.008173791226212142,0.004312254845527616,0.007947262560219732,0.007935502976117812,0.00021751597215525164,0.0005737093303395419,0.0031455069737427953,0.01946673314071428,0.007074368502815265,0.0036554212008860047,3
TCGA-KIPAN,logreg_early,0.05,0.9428249700157165,0.9301345686788313,0.9542776754655208,0.9214484330421747,0.9428249700157165,0.9547166437541855,0.9157778360378802,0.9152396506295543,0.9913123125899787,0.9924654176287558,0.9737209037219089,0.22966735415993736,0.07617587128949055,0.0384606031716361,0.0036361884195773957,0.0023709593967106432,0.001922414570620217,0.005068556741439168,0.0036361884195773957,0.002036150229421181,0.0035704999406872356,0.0036141973103427623,0.0006526963122005768,0.00045168288732531784,0.0034215880635408546,0.010714584758530493,0.0033108397142586708,0.002125982267896979,3
TCGA-KIPAN,logreg_early,0.1,0.9425092382735282,0.9311992754388948,0.9539958051974627,0.9231865987858695,0.9425092382735282,0.9543593957601783,0.9150114549035918,0.9145423105681276,0.9925907372263496,0.9930521476089961,0.9779857013917955,0.2286779705019476,0.07514889999387198,0.038357610939352194,0.001952102498830895,0.002117993140821576,0.002353548816602251,0.004355147323736616,0.001952102498830895,0.002475749980991126,0.004474720649105313,0.004445543215415717,0.0008664317381553473,0.0009786341529674238,0.0034799746986847475,0.020198437523604024,0.003193762416061117,0.001661458841495424,3
TCGA-KIPAN,logreg_early,0.2,0.9522793906421226,0.9461306291482129,0.9610169838346634,0.941884369048514,0.9522793906421226,0.9610631551421456,0.9276440077183238,0.9272564836343394,0.9938913336680774,0.9940431299238944,0.9811525630788359,0.20306185971810878,0.06445436598544964,0.03274359260182086,0.002156494144714196,0.004490014975850122,0.0038466863329476436,0.0061778135378680096,0.002156494144714196,0.0039006170043595226,0.006959516729386462,0.0071843727211612874,0.0009725023169209072,0.0010947686172087787,0.0029953314286531277,0.02690148860637428,0.005444166539077026,0.0025017380258269637,3
TCGA-KIPAN,logreg_early,0.25,0.9470889756418993,0.9417119721952729,0.959536013914467,0.938983989990553,0.9470889756418993,0.9595644931338184,0.9249598324250169,0.9244722997774066,0.9937261700152531,0.9940142190334087,0.9800189400499543,0.21094354301536233,0.06788816750304015,0.035243323047009896,0.0036622955094214186,0.006501210105161155,0.003734846161271673,0.0093401669875189,0.0036622955094214186,0.0037804770572232448,0.006654440807043315,0.00690364491300024,0.000977987296605577,0.0010091115194582065,0.0025260902486975126,0.025623366818987157,0.005872723662420503,0.0028439691694622663,3
TCGA-KIPAN,logreg_early,0.5,0.9442197805238525,0.944296569732067,0.9593554327808471,0.9463254690529137,0.9442197805238525,0.9591165588366266,0.9241639306313628,0.9235719339158202,0.9917703041963998,0.9920827790844754,0.9746354337091919,0.24376942789017333,0.07177735557109137,0.037078740901786554,0.0053873852885371444,0.0038129871594997197,0.0027761595291715046,0.0024595641847806288,0.0053873852885371444,0.002888347312441428,0.00531874960670059,0.005479442620895248,0.0009464403626044486,0.0007353615522120693,0.003371344380858834,0.014513091915072399,0.0034891843779830943,0.0017203938619712506,3
TCGA-KIPAN,logreg_early,0.75,0.9469839304370722,0.9451869571427883,0.9593518518518519,0.9453665308715361,0.9469839304370722,0.9592160902457536,0.9243761698393819,0.9237808961535715,0.9905391536349373,0.9908617874732384,0.9736384087081187,0.25433483332263584,0.07127614675401411,0.0373912587489743,0.004427986938433584,0.003814549429673065,0.0028448892628538808,0.003295923323607575,0.004427986938433584,0.0029103694998249088,0.005315604600854508,0.005523036983111358,0.001174627904979946,0.0005531802279732123,0.0033841559226402097,0.00531128440730123,0.0019974503308351076,0.0011916045514221477,3
TCGA-KIPAN,logreg_early,1.0,0.9442949063988223,0.9438264885706132,0.958426949048496,0.9458344620704894,0.9442949063988223,0.9582952542065155,0.9225842179312062,0.9219992598147843,0.9890942325022732,0.9899827908067153,0.9730814109945817,0.2608284484450112,0.0713682483937314,0.037220301056545585,0.006279238370631214,0.0075388297820876225,0.004250615510899826,0.009458440135082024,0.006279238370631214,0.004276905209775325,0.0077679999012766985,0.007969637123501624,0.0018320787096872543,0.0008378552279371099,0.0034346859787237555,0.01255972504603084,0.004269548515660059,0.0020063697088779915,3
TCGA-KIPAN,logreg_late,1e-05,0.8805567925584792,0.8511244630745306,0.8601432371598117,0.8363076268817756,0.8805567925584792,0.8614014708996655,0.7607442292882244,0.7525130016863253,0.9399728542112123,0.9237230954907619,0.8879078016369855,0.6722291186448474,0.389583224078573,0.32589328636007664,0.005341909967503259,0.008832593653871698,0.01564336131021793,0.010077139206479851,0.005341909967503259,0.01545985065094393,0.02490521417049834,0.02604655495162616,0.008308365750364553,0.013665158837148531,0.003658116691001294,0.0114262762207331,0.01050931458625288,0.010144037242171122,3
TCGA-KIPAN,logreg_late,0.0001,0.9155838185050378,0.8960902692722473,0.9134724780028648,0.8818934398183571,0.9155838185050378,0.9141652212290033,0.8427347734885342,0.841294566785439,0.9690803290886647,0.960538919009568,0.9376710714287563,0.5742446790099295,0.3151410370359928,0.3209675160171534,0.007363842105971882,0.008972302820745747,0.011960850659608096,0.010413833365407587,0.007363842105971882,0.011850121687361315,0.020406368566009785,0.020711610056199873,0.0060845141224643625,0.009262404122163826,0.0032635178657379,0.013561859843774799,0.012029273722356985,0.0052319676473300426,3
TCGA-KIPAN,logreg_late,0.001,0.9372562212983139,0.9203425435842455,0.9416149989768775,0.9074554334601054,0.9372562212983139,0.9420977665143355,0.892858854309941,0.8921185326124318,0.9862454106838344,0.9843014830389105,0.9555443596995071,0.4261281201530649,0.20314809488123986,0.25589379425861014,0.00756873308627474,0.007602090250656094,0.004961355516674528,0.00783939434405964,0.00756873308627474,0.00484120766236618,0.008844040734005913,0.008887027568357644,0.0016844737601345546,0.002755067120840768,0.0016113085269920014,0.01058369676997404,0.007532484166542105,0.001591279728216159,3
TCGA-KIPAN,logreg_late,0.01,0.9599120842206128,0.941317275132337,0.9621275833844894,0.9270516723374778,0.9599120842206128,0.9627386218007769,0.9308641721132803,0.9301939464543363,0.9942928486201398,0.9952070578630078,0.9726226723952877,0.20749232381455418,0.08532203277393598,0.11722188078412689,0.001962968832113178,0.0013107159513102405,0.0013859447149079261,0.0021420464636105687,0.001962968832113178,0.0012812282356565112,0.0023439653089687373,0.002410650277735842,0.00016550264487579945,0.00046942027297878407,0.0023975796132666674,0.0041713264690750075,0.0007852811765998019,0.002655828757242757,3
TCGA-KIPAN,logreg_late,0.02,0.9590823187987482,0.9394604559083678,0.9619470022508696,0.9247662918132503,0.9590823187987482,0.962671973593769,0.9306938996648686,0.9299431892748427,0.9948820483301682,0.9952076770753436,0.9795753513065152,0.16224061975713763,0.06993645878975173,0.07729786785901772,0.0027006291412761526,0.00430509545155841,0.002802814402941632,0.005835219327945092,0.0027006291412761526,0.0026690582290482385,0.004946842244288696,0.004985906598342367,0.0006903789793966942,0.00042927640332201487,0.003679120353911917,0.004544857804978375,0.0014514106725114734,0.0013490952551315559,3
TCGA-KIPAN,logreg_late,0.05,0.9582698571522369,0.9432349717374646,0.9635164722733783,0.932388502039073,0.9582698571522369,0.9640734286006882,0.9332169947715686,0.9325889179737773,0.9965905971403807,0.9964597602635733,0.9859953694370832,0.13892685005917407,0.06202582780921476,0.06672078084540076,0.003873794109028064,0.004866912346377731,0.002500571476450057,0.006119470944606267,0.003873794109028064,0.002330566564338124,0.004509137119267371,0.004479303536289656,0.0006691858673221299,0.0007086192613281875,0.004112169638637336,0.008340229747616666,0.0020233003085773516,0.002591292836395278,3
TCGA-KIPAN,logreg_late,0.1,0.9624702237915287,0.9472120827666014,0.9645319214241866,0.9355537594845181,0.9624702237915287,0.9650249379322847,0.9351075926148087,0.9344774431237535,0.9970674949617292,0.9971371463496278,0.9875841350672377,0.11144417399105172,0.05400659308824618,0.04605321792219721,0.00201908726096027,0.004163361809192297,0.0026666751632338816,0.006365416477981934,0.00201908726096027,0.0025292291635452455,0.004700689827376475,0.0047403635909245,0.0004761480730107788,0.0004328955429194268,0.0027929326284290546,0.004276735823581106,0.0015224916277828272,0.0018059316943770795,3
TCGA-KIPAN,logreg_late,0.2,0.9650359247764272,0.9517784282458362,0.9681338244321669,0.9414307275469843,0.9650359247764272,0.9684955392941631,0.9415408951195517,0.9410269863732014,0.9974943845068,0.9976307240149445,0.9887810434284511,0.1048954637845771,0.05153072363535552,0.04412972357201625,0.0024229631449879693,0.0026951887577737455,0.0025313087788378617,0.004339213500581568,0.0024229631449879693,0.002538736312593165,0.004535997843730835,0.004600997689333295,0.00039178779269119154,0.0005335739149274873,0.0030358158139692803,0.005136375388656235,0.0021506494271594815,0.0006359300399760951,3
TCGA-KIPAN,logreg_late,0.25,0.9635330285127184,0.9513996423741989,0.9684105790873746,0.9421066959922069,0.9635330285127184,0.968742537750186,0.9420110930332086,0.941503203894768,0.997029319816577,0.9973430532119885,0.9864535421294605,0.10645831581905953,0.05200827194545444,0.04342160595160425,0.0025468227551756232,0.0030737310451622707,0.003141437997952169,0.00421571442583799,0.0025468227551756232,0.0031959829161436804,0.005720498971842485,0.005786495476884246,0.00014145136551715524,0.0005347432377138868,0.003202553689989115,0.004730952632066621,0.001969157323609709,0.0008179550859078466,3
TCGA-KIPAN,logreg_late,0.5,0.9602987648335386,0.9485390209941338,0.9671158174749336,0.9398853516474145,0.9602987648335386,0.9674316697722509,0.9396728848425747,0.9391182865474121,0.9943248126578293,0.9953929084760943,0.9825217621425413,0.12164768599649371,0.05565478037646867,0.03778847578445011,0.0008834006822538938,0.0035303538187664925,0.0028172470939330017,0.006264993867780396,0.0008834006822538938,0.0027674038674033036,0.004831484698512228,0.005024602472824186,0.0027874506860712197,0.001304366388419007,0.004398099742575913,0.013364448542491662,0.0013773994168498247,0.002774554722264709,3
TCGA-KIPAN,logreg_late,0.75,0.9591670637988096,0.945832403023371,0.964620933087784,0.9356701966390687,0.9591670637988096,0.9649641475606376,0.935159794512209,0.9345587839003996,0.9922716388224462,0.9941650211513662,0.9802220771950473,0.1240967943924563,0.0568749528082848,0.03626267859943772,0.00043123368103154815,0.002545177455964302,0.0019683264264888844,0.004405900701334644,0.00043123368103154815,0.0019839180809634463,0.003419408930691248,0.0036111833270452984,0.0020845525446122064,0.000834309238924398,0.0006936209894225645,0.0012232906648508052,0.0013319659452030214,0.0018766567847736922,3
TCGA-KIPAN,logreg_late,1.0,0.9586903962406286,0.9450955326571879,0.9640617966032331,0.9347539920327859,0.9586903962406286,0.9644196209585846,0.93412873112176,0.9335483776773322,0.9919251072339105,0.9938837086002964,0.9779999002658958,0.13087629961581115,0.05841441598610733,0.03601633191312034,0.0029869122413986,0.004881916868136467,0.002822614616772024,0.007083108851622157,0.0029869122413986,0.002768707990412084,0.004821286914041734,0.005012527122270387,0.00088535832657727,0.00011447660357594214,0.002093922373313836,0.008057893356963794,0.0016380569471676194,0.001592390635718156,3
TCGA-KIPAN,mofa,1e-05,0.5258852324007923,0.4913571674719514,0.6730944342132187,0.5087539169653469,0.5258852324007923,0.6678751433983529,0.44097703985703957,0.42005701160299386,0.6721387657733281,0.7464388675076279,0.4698569596621849,10.520542603047351,0.6290616959443042,0.31234702464634273,0.004134713191262513,0.008697107213637121,0.016553388493878603,0.036463028429807844,0.004134713191262513,0.013930388832201766,0.02194946120377594,0.021067407284264743,0.015817660703848605,0.019149854444181744,0.009455085900948337,0.10071334021256818,0.026699213411440673,0.011176071932931927,3
TCGA-KIPAN,mofa,0.0001,0.6845779149817458,0.6077194986434943,0.6956582088534207,0.6354495705857447,0.6845779149817458,0.675018171321899,0.4916944824670442,0.4647201559923353,0.7612083743702,0.7528230715686605,0.6043282569092967,8.403387580536084,0.5683337921721416,0.2676995195911073,0.03832516784461515,0.029608386802268943,0.03130121761647299,0.023272504108418777,0.03832516784461515,0.023616960450560564,0.04862223939364018,0.045816118246147314,0.030896776828914795,0.022807940174324408,0.02622701839862136,0.5245238786477076,0.04968801658976291,0.01821696648889912,3
TCGA-KIPAN,mofa,0.001,0.526375126661383,0.4858944046801428,0.6810676284018826,0.5106403838377814,0.526375126661383,0.6679321080309358,0.45202764530621514,0.43562650749636894,0.6518357015488139,0.7306318176934733,0.48492657497653124,9.332021973340312,0.6083632563092464,0.29346819736699065,0.015521210929494924,0.014958300916689924,0.03843456233551074,0.007997117618236769,0.015521210929494924,0.03176142308095457,0.044806940174325106,0.047827868727560834,0.02299070891250901,0.02225144381323803,0.011934098379985068,0.9445018967749113,0.07169908627836252,0.0329168836598897,3
TCGA-KIPAN,mofa,0.01,0.8027598578906003,0.7406869900512514,0.7932144805947753,0.736568623569822,0.8027598578906003,0.8074054089672993,0.6674074774722655,0.6532750430312534,0.8743703062572074,0.8704603110459216,0.7328488125275614,2.5252488209848254,0.3617756311540939,0.16649973971258142,0.0056825121611023014,0.005170801794482649,0.005905926855652818,0.003713257442462618,0.0056825121611023014,0.003962412518664103,0.00476638481766718,0.006357813282068366,0.004198747278233836,0.0036816484316421283,0.0036713270102471645,0.18373869537024876,0.01278801586018585,0.0070479180698729115,3
TCGA-KIPAN,mofa,0.02,0.7908383241765456,0.7051979764815206,0.75715537821431,0.6922171923269298,0.7908383241765456,0.7717395380403107,0.6115528215193583,0.5940586088800698,0.8399068613542796,0.831073571461045,0.6676893100394885,3.143391890407592,0.431363635395076,0.19579918446346567,0.008984021810262997,0.010373457712470975,0.009405708385332947,0.005518724826064625,0.008984021810262997,0.006648586849278426,0.009094542339695665,0.0113766407711164,0.008623588478142822,0.006064991156117882,0.014539393637968464,0.18543569181804262,0.01575931136764163,0.006145364550351797,3
TCGA-KIPAN,mofa,0.05,0.741883972509258,0.6480360706040105,0.7084402496419071,0.6610941224525748,0.741883972509258,0.7391280042997735,0.5651963564616502,0.5354753900785822,0.8526579684833137,0.8518020448202549,0.705698198007939,2.7226875271452435,0.5077794918629256,0.2251379289846304,0.007847753452085132,0.0177735865326771,0.024682964908128456,0.00954333522627819,0.007847753452085132,0.02316012727190257,0.025088816241342262,0.029878026590679202,0.0097154005682445,0.01844262188042293,0.013628960730564764,0.6503904711188291,0.046143805870209366,0.0255234433765012,3
TCGA-KIPAN,mofa,0.1,0.735517304042415,0.6290196686895552,0.691481310961053,0.6630513899817317,0.735517304042415,0.7290982785019978,0.563667433332554,0.5216073079036349,0.8473614153976472,0.8516248258593286,0.7029307961548058,2.9242085122262167,0.5443284913110333,0.2468604913284346,0.008675658594866239,0.007499786863460396,0.00806709802835394,0.005613906385947411,0.008675658594866239,0.009217251986459658,0.008011144664180188,0.008086232112572754,0.00981779023466972,0.009463251905130893,0.003298596925418551,0.2198955066467377,0.01803306730674644,0.009779634997049227,3
TCGA-KIPAN,mofa,0.2,0.6083839208695291,0.5488300367502597,0.6101764886433395,0.59172926934371,0.6083839208695291,0.6579914133563136,0.43187744009128176,0.40130532904594934,0.7513574636737995,0.7880660009384192,0.6226887868109087,3.8033440408633923,0.6836267675803182,0.30552758520145645,0.019291571254974643,0.019044158744539373,0.023711253070339965,0.014538762828073365,0.019291571254974643,0.021368513284337715,0.027884767938233246,0.028329550093508384,0.020733200490945982,0.01850083158860261,0.019946976298020055,0.44988513882284503,0.04188483228848161,0.022868110227274283,3
TCGA-KIPAN,mofa,0.25,0.6314659718399002,0.5510306884895623,0.6062879407953072,0.5928257847002366,0.6314659718399002,0.6513229460201729,0.434962846639208,0.3991752589421686,0.7666079919147912,0.7871843620926514,0.6110262484018399,4.159307341819047,0.6946112953443516,0.3166208529260172,0.012544245076611239,0.008495616100527787,0.010114894472897193,0.009187269604896943,0.012544245076611239,0.012350305352771245,0.013048401825004498,0.012235583305461938,0.009867322983286103,0.008843927875664365,0.008411397201734977,0.20077412316916002,0.021285568366819944,0.010643181953447671,3
TCGA-KIPAN,mofa,0.5,0.6403900572115298,0.5601148230068983,0.6136186140099583,0.6083798102294126,0.6403900572115298,0.6632110414976361,0.44611913040039575,0.40773004675491054,0.7722360979997788,0.782081305063714,0.622391881330088,4.4208287429107225,0.6901804109650357,0.3173565309526332,0.007573299417914614,0.007189966837302857,0.01078718531495895,0.0033731590066929675,0.007573299417914614,0.009100289906892873,0.01167496295836638,0.012967515562116515,0.008145426139948276,0.007667861200385982,0.009677903074947196,0.31723284053019957,0.021582514142558892,0.012260574920108692,3
TCGA-KIPAN,mofa,0.75,0.6336274322689334,0.5525050545243259,0.6023710865561694,0.5986136577379845,0.6336274322689334,0.6486008411708031,0.42452630620909354,0.3891290879141324,0.7713561289442774,0.7727710774318949,0.6236281876570805,5.019459781804619,0.712231625577148,0.3274781529180047,0.011636021001243876,0.006602308394274647,0.0063781730174864585,0.0010244631711222116,0.011636021001243876,0.0033459459990875344,0.007182099116430951,0.007588417491932296,0.002415358251610577,0.0008007801888427702,0.007141443294175643,0.13943221848645165,0.010999754503160925,0.006039848076636888,3
TCGA-KIPAN,mofa,1.0,0.6440498481811345,0.5565075132322701,0.6069616670077075,0.593448870085269,0.6440498481811345,0.6455503378556912,0.4212482770476278,0.3898332735641999,0.7811268830140099,0.7779359603743942,0.6340829752863663,4.858307647275386,0.7029748735116694,0.3239897492956531,0.007728307549050454,0.008435366560249444,0.008080864141871997,0.005548396188445116,0.007728307549050454,0.005193869008389644,0.006392247514859751,0.008975183922197146,0.007880091651961386,0.005962853982657971,0.01818304089872624,0.17892638892667345,0.01736459798886893,0.008805793198182102,3
TCGA-KIPAN,svm_early,1e-05,0.8388434135857685,0.8443712955011135,0.8665103846940864,0.8643092057057031,0.8388434135857685,0.8646310486391711,0.7580071526359858,0.7508160566785579,0.9201071893141006,0.9282390139882608,0.8759752437005734,0.4314924363850053,0.2129305994921529,0.06323244113265332,0.023245494963720283,0.03664046482530034,0.0352934032828835,0.04050897844076067,0.023245494963720283,0.03655735347044253,0.05180014276807037,0.05915457564571349,0.011245754371486094,0.016329507588398635,0.020667279910127654,0.041425517764109514,0.03274865343288846,0.01857000229820625,3
TCGA-KIPAN,svm_early,0.0001,0.8658959669824005,0.8740338983378294,0.897878043789646,0.8977098921989022,0.8658959669824005,0.8947500898886908,0.8132783711320161,0.8059027527807535,0.9438696015883,0.9519168920603632,0.9046793359979032,0.36103759899097226,0.16494780567434356,0.05595062475972842,0.004179731850858107,0.0026988905351022375,0.0042838570319196755,0.003943439972373256,0.004179731850858107,0.004536058529299011,0.00852156372297076,0.00872986167694001,0.0004156139787979131,0.001976128856128677,0.001741299650554252,0.010878948009931238,0.008049356115807064,0.006224531232281453,3
TCGA-KIPAN,svm_early,0.001,0.8813293601582629,0.8735657447318094,0.9080790873746675,0.8792542060199708,0.8813293601582629,0.908051413713744,0.8329786735004681,0.8285756597394712,0.9524957660372945,0.9627044113075344,0.9102168749876641,0.3970731586387703,0.15510264030499846,0.0619214185997517,0.004632979137204411,0.0026139131137014023,0.0011921960991191883,0.0028003981569608197,0.004632979137204411,0.0015464769934838564,0.0017181245526947052,0.0021446138904852937,0.0024840953690166367,0.0014189454714007817,0.004622904133348617,0.002958490714359523,0.0007878302574078017,0.0006560527468009447,3
TCGA-KIPAN,svm_early,0.01,0.9019728637212067,0.8803099380265378,0.9192546552076939,0.8709219105657926,0.9019728637212067,0.9203274053904065,0.853949968700492,0.8511483117799733,0.962700945446016,0.9720367126338881,0.9275403095387821,0.36325669278894485,0.1352604646080182,0.058052408819549456,0.0036793585700285306,0.005169743707852396,0.004563414141497935,0.007112351038901453,0.0036793585700285306,0.004452852181053085,0.008106982489256762,0.008197341854626016,0.0011869188010298964,0.0014323750438162077,0.0015638730617336045,0.022813989544928207,0.007110105154148522,0.0036016985971902057,3
TCGA-KIPAN,svm_early,0.02,0.9000352672393057,0.8805644261584674,0.9194467464702271,0.8770156371695159,0.9000352672393057,0.9205332399979468,0.8544560523558161,0.8516206721166012,0.9645141135546598,0.9736417397709567,0.9342594452607211,0.3648560983610627,0.13153335215715986,0.05666819643674012,0.0077298592505914065,0.007397319392745783,0.004163184899420735,0.007738155970699264,0.0077298592505914065,0.004287703157308506,0.007763235561549019,0.007695108719938929,0.0016600051177481049,0.0012634268027302135,0.006915593249062666,0.027447207857872215,0.00766406363973682,0.0041347482730141735,3
TCGA-KIPAN,svm_early,0.05,0.8740157442660322,0.8368408443340655,0.888824176386331,0.8489953506609149,0.8740157442660322,0.8853721630726872,0.8172366020951948,0.8075692790028507,0.968923708454847,0.9745201142533824,0.930054594174995,0.35251123771418796,0.13585537218960622,0.06174138285090858,0.00741815436746926,0.006420307786783781,0.0038051117770328334,0.014336308438883723,0.00741815436746926,0.0038181931420704805,0.007103631481508788,0.007364056547111823,0.0009894985586679829,0.0012420325308799085,0.0049759661227847755,0.019976104056862502,0.007283602520776178,0.005552656863379941,3
TCGA-KIPAN,svm_early,0.1,0.8639611482499387,0.8248823839824052,0.8709100675260896,0.8205198094484403,0.8639611482499387,0.8711640877341059,0.8013420445911779,0.7908986283276859,0.9706501335778003,0.9761794146265664,0.9343696951432228,0.3439076918323288,0.135073592389865,0.061160402258148894,0.004333274625138507,0.0035297154606389915,0.0020256014542606704,0.002261252425421813,0.004333274625138507,0.0020888429289031576,0.00392911877380814,0.0038856918057294148,0.0004500832219439085,0.0007132124910682342,0.001830480286712419,0.006814372849646827,0.003413181430759324,0.003206273421103836,3
TCGA-KIPAN,svm_early,0.2,0.8668286608848966,0.8256856226744972,0.8669858809085328,0.8249596101222392,0.8668286608848966,0.8676275652942377,0.7992152917260205,0.7869881211198145,0.9742258447689122,0.977047352921448,0.9443423944545154,0.3362671650936409,0.13747123543393205,0.06187892065405457,0.0025647642742044896,0.0010997280748836417,0.0003000336374297085,0.0010731365358218848,0.0025647642742044896,0.00014200643167329533,0.0014897734807494112,0.0008484861250452665,1.5320104731202767e-05,0.00043706117052499667,0.0020182424648028767,0.006980034745816658,0.0010234967597528236,0.0013867236257304367,3
TCGA-KIPAN,svm_early,0.25,0.8619258004594957,0.8202347089597138,0.8626877429916103,0.8218915531383573,0.8619258004594957,0.8635958837839639,0.7930800014451048,0.7800099488934021,0.972899792286006,0.976275625189409,0.9423029787295838,0.3551523359937801,0.14372539095033046,0.06443468297151397,0.0024429354961852273,0.00400022543122555,0.0036651552270526673,0.005601450703742617,0.0024429354961852273,0.003476488492956211,0.00679477556367712,0.006656833899975802,0.0010851716137008222,0.0016008564909909197,0.004963543286487986,0.022141813906337796,0.005630711880165529,0.003105085396894742,3
TCGA-KIPAN,svm_early,0.5,0.8496722245707038,0.8053013378686629,0.8459187640679353,0.8168849675187695,0.8496722245707038,0.8476055340167598,0.774932749130656,0.7599943316094769,0.9677481615754157,0.967621950411924,0.9384632074494252,0.39151138435478394,0.16008427185893406,0.07026215344923169,0.004580998134097844,0.004711747668049642,0.003147373593218994,0.006624730354539253,0.004580998134097844,0.0038559956267666035,0.006428125029287935,0.006276519227932073,0.0013461711013272055,0.001166866132948202,0.004266697951008965,0.022524651766745382,0.006915042187193997,0.002099163111745856,3
TCGA-KIPAN,svm_early,0.75,0.8267187460086288,0.7902826878433898,0.8287336300388786,0.8144709293833055,0.8267187460086288,0.8266430771779377,0.7506573314899212,0.7403621487565358,0.9614859887586339,0.9601725523890332,0.9294853091095875,0.40990038440146265,0.16956638727209924,0.07500201739571365,0.0011896673550796139,0.001763609643818624,0.00041770568711872665,0.0012546009675782283,0.0011896673550796139,0.0015091958680054113,0.0017250745074903961,0.0009184061812439146,0.0006687241867596265,0.0010322580842430339,0.0023105177553641664,0.010626414899162513,0.002640350199860078,0.0008373756404398595,3
TCGA-KIPAN,svm_early,1.0,0.8842484189920792,0.8759727850083472,0.9046046362068462,0.8909759915189935,0.8842484189920792,0.9091426651516951,0.8340237300112857,0.8291499789345839,0.9687478575327108,0.9666696031155452,0.943739182008596,0.3796310371855515,0.15557696692245368,0.06987394603628445,0.0029229741212287445,0.0036371836607397372,0.0032467250573132624,0.005772411989986483,0.0029229741212287445,0.0033018546296460028,0.005924672319194418,0.0060369118886279315,0.0006604360857805953,0.0006995463426178767,0.001989172309777338,0.009003419955997499,0.0062618492095673625,0.00333032778927048,3
TCGA-LGG,logreg_early,1e-05,0.6660851814298657,0.6606634537004815,0.6622790253225036,0.6706644765616062,0.6660851814298657,0.660041972793511,0.33666995780459624,0.32899190404003065,0.7363921982640836,0.7363921982640836,0.7338851483999167,0.609219217881087,0.420022621761003,0.10270479928587439,0.013579229839815056,0.014078133642870728,0.013367919095053077,0.01238024570710724,0.013579229839815056,0.01404695695116816,0.025917376070579423,0.026842951749388298,0.009152487995291171,0.009152487995291171,0.011147752724479985,0.013567582138585131,0.008662399586969068,0.0033342563635645564,3
TCGA-LGG,logreg_early,0.0001,0.6911375411686874,0.686209933324229,0.6876572702659659,0.69614317013342,0.6911375411686874,0.6857515657424434,0.3871882309063633,0.37897981334978387,0.7546843389399452,0.7546843389399452,0.7490502041890682,0.612625009623,0.4115773637039961,0.11374369929704377,0.007741557369205868,0.007345138697667791,0.007558995525654497,0.009196633969613089,0.007741557369205868,0.007288820013459569,0.016809581451403238,0.015311936343021344,0.010976524633296618,0.01097652463329665,0.012641904336174537,0.0156391096825549,0.009233461052881581,0.0021131728916214242,3
TCGA-LGG,logreg_early,0.001,0.6533964691408628,0.651140490887705,0.6531892021022455,0.656128061964197,0.6533964691408628,0.6517973294947589,0.309477196948207,0.3058543742419366,0.7187008837185331,0.7187008837185331,0.7160889372463535,1.1551055312814467,0.5246138247733184,0.21766828037275607,0.008326044825622606,0.009526886794512067,0.008250902023161585,0.006052099283243514,0.008326044825622606,0.00946242127404049,0.014436194266879802,0.01670265918765383,0.006287721557332055,0.006287721557332109,0.00968760511112222,0.02486598776040235,0.004616662056121601,0.004155166314509854,3
TCGA-LGG,logreg_early,0.01,0.6861599427473597,0.6839131959552156,0.6848921006529703,0.6879404740961159,0.6861599427473597,0.6841729588909246,0.37408357473725934,0.37065197546401785,0.7573671351028078,0.7573671351028078,0.7531121883605035,0.9261452011057635,0.4716806713055171,0.19605958703603496,0.009687306935616055,0.009667503855904354,0.009482057838915843,0.009562473524470512,0.009687306935616055,0.009613868376557946,0.019206467590678372,0.019183944518319663,0.012808618098918709,0.012808618098918709,0.009893324386473855,0.04240983437584367,0.01863435094189696,0.004132222853440103,3
TCGA-LGG,logreg_early,0.02,0.6722312035279229,0.6699569468712547,0.6711677814938684,0.6741706201629496,0.6722312035279229,0.670295071953401,0.346388361350409,0.34297888808322813,0.7485235077998782,0.7485235077998782,0.7493932180669973,0.9592862518714583,0.49029259548116033,0.20933293665630992,0.009610310953185427,0.008335702707043478,0.008272282287494895,0.010664662224596931,0.009610310953185427,0.00790447203297899,0.02026106785482822,0.018221675115406823,0.009808603862022218,0.009808603862022218,0.006142168471413716,0.026788838996422204,0.011831844523706008,0.0071829466856107235,3
TCGA-LGG,logreg_early,0.05,0.6793311017148227,0.6768521477284969,0.6779164675903807,0.6810906335287026,0.6793311017148227,0.6770600963560063,0.3604045327600724,0.3569393899050277,0.7488999323742886,0.7488999323742886,0.7506933918569351,1.0124436393493916,0.49439526443455345,0.22052665560577353,0.006185585621382126,0.004899823257069834,0.005618651945935312,0.007916041784316987,0.006185585621382126,0.004751641746207459,0.01407989668603572,0.011807961121110554,0.007669968448607683,0.007669968448607683,0.00735663164048795,0.01195706384859316,0.006542306232259725,0.006433134880048681,3
TCGA-LGG,logreg_early,0.1,0.67735909462446,0.6743683673146571,0.6757246376811595,0.6803105734082805,0.67735909462446,0.6745293192307199,0.35763275782019704,0.3527499506627844,0.7476956359094026,0.7476956359094026,0.7492205320615491,1.048027830542113,0.4988591676486392,0.22386540675382618,0.017719972819036228,0.015892481131193972,0.01693120253429087,0.020502695958988827,0.017719972819036228,0.015673002335730643,0.03818073220894131,0.03461825031874575,0.01071045063617492,0.01071045063617492,0.008321741698794093,0.03200837762362961,0.016516498674489417,0.010817150038696452,3
TCGA-LGG,logreg_early,0.2,0.6772964876577833,0.6746840383749939,0.6758679726071031,0.6794854622022721,0.6772964876577833,0.674938926834038,0.35675451294653654,0.35266550494906584,0.7471364691049076,0.7471364691049076,0.7469515065318723,1.0837014828727651,0.502215505547313,0.22525729537427633,0.012402390593239662,0.011261799859919992,0.011893440965867627,0.014050368820945609,0.012402390593239662,0.01114948960641424,0.026414519520904494,0.02415397426415464,0.009672874693328939,0.009672874693328939,0.010527698891543117,0.02510993458708669,0.015485480843322349,0.00995119132980825,3
TCGA-LGG,logreg_early,0.25,0.6841543250492585,0.6815176564975944,0.6826365663322185,0.6866339271678465,0.6841543250492585,0.6817362922751636,0.3707643355876072,0.3663017784340221,0.7504150014921401,0.7504150014921401,0.7499310988872766,1.0867631767457697,0.4974254647753397,0.22515228190416636,0.01893537925730784,0.0182802176961011,0.018319195086762288,0.019748304118774537,0.01893537925730784,0.018111751540467794,0.038654052491505324,0.037187484078437784,0.009883480425868334,0.009883480425868334,0.007670125479371469,0.03289728440462914,0.01645575499305533,0.010852027805115369,3
TCGA-LGG,logreg_early,0.5,0.6928944838153726,0.6905567311117977,0.6917681955725433,0.6957148042246505,0.6928944838153726,0.6909070064408467,0.388580955013297,0.3840058644360413,0.7551090558228225,0.7551090558228224,0.754406457846107,1.0853621677440106,0.4954713710141559,0.22260960000993332,0.015514176919005501,0.014179070374068658,0.014635651370862044,0.017798793542494522,0.015514176919005501,0.013910925343310074,0.033276430827345674,0.03021904747051112,0.012364373264329426,0.012364373264329395,0.011968672715354955,0.029436325935186063,0.019163901450563275,0.013632545374441373,3
TCGA-LGG,logreg_early,0.75,0.6938508992391883,0.6916134193954,0.6926759834368531,0.6961817557239752,0.6938508992391883,0.6919159730635083,0.390015871623699,0.38601543824285894,0.7614240523111993,0.7614240523111993,0.7581259338262193,1.0843064152655264,0.48781957127168746,0.22141163670977862,0.01856954941890439,0.017384866239634526,0.017495423976170595,0.020193474677516667,0.01856954941890439,0.017028909378282178,0.03874062258597904,0.03627990456370052,0.012329144944574733,0.012329144944574771,0.010661361908272647,0.029302573367321248,0.02398943570611534,0.010783426852687876,3
TCGA-LGG,logreg_early,1.0,0.6991889109414027,0.6967848916435141,0.6975911769390031,0.7013637793413926,0.6991889109414027,0.6969591367643933,0.40053616420355237,0.39631151231117384,0.7632131186688911,0.7632131186688911,0.7588232600661914,1.1015652026858078,0.48396292690069104,0.21924254516720676,0.02015179948458424,0.018942200509387875,0.019329147837529502,0.022180757099082207,0.02015179948458424,0.018695687635556214,0.042318939359991654,0.03950739825451043,0.00991742759356576,0.00991742759356576,0.00859331457954767,0.03134708134467423,0.020405892535751056,0.00707705118782568,3
TCGA-LGG,logreg_late,1e-05,0.6614007376206296,0.6525744677378529,0.6557055263577002,0.6696645728746035,0.6614007376206296,0.6512593340486409,0.330854989832871,0.31854798079563384,0.7379925598234361,0.7379925598234361,0.7401406902489377,0.6162788956355714,0.42830019132479924,0.10809338863453039,0.018554318979042538,0.01824997733735388,0.01800479928052413,0.019126927491306987,0.018554318979042538,0.018151854488366547,0.037696273420187484,0.03634127153898462,0.010969130149235255,0.010969130149235255,0.009254135176192621,0.003880870470850805,0.003631026775619218,0.015456093821268274,3
TCGA-LGG,logreg_late,0.0001,0.6882445944374931,0.6806840010429983,0.683076524924351,0.6969641273143492,0.6882445944374931,0.6796755338683148,0.3849773793810009,0.3719679970937626,0.7574006970212327,0.7574006970212327,0.7567743089463651,0.599258171101579,0.4130871134732386,0.10974086620662143,0.0076881149077017335,0.007052619565360384,0.007303198954360153,0.008837059144047763,0.0076881149077017335,0.0069806316137529115,0.016523206536258633,0.014893248503917387,0.010280684238592665,0.010280684238592665,0.01489693761928848,0.004838338060753931,0.004020616950920773,0.006321082329265751,3
TCGA-LGG,logreg_late,0.001,0.6749762695775985,0.6695666462621706,0.6717550565376653,0.6805804075978336,0.6749762695775985,0.6691226176097059,0.3554279339082578,0.3471745858386441,0.7455771863449397,0.7455771863449397,0.7470513971027094,0.5963699032373294,0.41217979449557224,0.09757392563947677,0.007660535130224137,0.007596204338029963,0.007222690681500106,0.007921476346813259,0.007660535130224137,0.007498942804760488,0.015487155976351424,0.014865445174152513,0.006481828274494892,0.006481828274494892,0.004902512455452348,0.002837536010620763,0.0019558988861369383,0.004625672280369947,3
TCGA-LGG,logreg_late,0.01,0.6951541773333717,0.6903214331765802,0.6916308329351807,0.6995069410659022,0.6951541773333717,0.6898518228677215,0.39459687683254235,0.3869266186874352,0.7611655083104418,0.7611655083104418,0.7600279827598996,0.577915956504321,0.3970911296563467,0.09234972312080954,0.003993768845151042,0.0034413109846141224,0.0037040003458214833,0.0052240372079643965,0.003993768845151042,0.003371547019643102,0.009197801659941931,0.00768645488931632,0.015287820372869312,0.015287820372869389,0.01604054267386249,0.010648208969836247,0.009040045480587046,0.0010479660328970661,3
TCGA-LGG,logreg_late,0.02,0.6917140900581517,0.6870572673972045,0.6884535754100972,0.6957234717798461,0.6917140900581517,0.6866310166254572,0.3873885024517712,0.3804238497806092,0.7575433080208828,0.7575433080208828,0.7577350563482947,0.5798411516964954,0.39915930595257726,0.08931322757150362,0.0005670681950177136,0.001150824350164871,0.0007231238858760224,0.0015832654909299709,0.0005670681950177136,0.0012546674849088482,0.0016746410496992158,0.0013567875100551944,0.004192532058847752,0.004192532058847752,0.0025702530810929485,0.0027665278393005067,0.0020055505618870005,0.002620584526475915,3
TCGA-LGG,logreg_late,0.05,0.6923615081162838,0.6878061024442311,0.6892359452142061,0.6967317725085339,0.6923615081162838,0.6874542314221056,0.3890258084349476,0.3816887298686729,0.7551653743773761,0.7551653743773761,0.7495243981568911,0.587589148944455,0.4017271053061035,0.09386391959503575,0.0026254580168435966,0.0025629439956651357,0.0022672866299600193,0.003066253432976205,0.0026254580168435966,0.0025389771490380787,0.0055159144046752,0.004863026808130422,0.00836944081344339,0.00836944081344339,0.008554734143733448,0.004523002183254378,0.004024428899028893,0.007099967164212829,3
TCGA-LGG,logreg_late,0.1,0.6806599679159895,0.6765973366950719,0.6780299410734193,0.6841242821219614,0.6806599679159895,0.6763758664181138,0.36474082178316336,0.3588364129300137,0.7417938693712157,0.7417938693712157,0.7425727926127529,0.6028328468529461,0.4138783571013258,0.10956878921257114,0.012046692980520662,0.011547059000100796,0.011788747513736745,0.01246472270254871,0.012046692980520662,0.011378050433267978,0.024499731682652424,0.02417766735951519,0.006410895287293751,0.006410895287293751,0.005869239323656789,0.009527596473315173,0.006147409898829519,0.010294415612344968,3
TCGA-LGG,logreg_late,0.2,0.6916977828834141,0.6883886375808442,0.6893653448001275,0.6944733885788126,0.6916977828834141,0.6883111730072581,0.38614067726738743,0.3808886235114772,0.7458927754946235,0.7458927754946235,0.7410155915162512,0.6177284638316823,0.4127609726392822,0.10832857392617261,0.01387618647059343,0.01372356240662968,0.013505733890018787,0.013685859582149844,0.01387618647059343,0.013665670935038532,0.027568036997652468,0.027177965717108395,0.0073023066096064735,0.0073023066096064735,0.008641493968103634,0.010630873946132303,0.005572593630875776,0.0049131387721182,3
TCGA-LGG,logreg_late,0.25,0.6987909919076863,0.6954451700089535,0.6963529224398789,0.7016746095374896,0.6987909919076863,0.6953409946821645,0.4004320791006779,0.394929865972667,0.7467201642372947,0.7467201642372947,0.7424494387651634,0.6163529750661866,0.4125041289869546,0.1115977143442692,0.01043896108615578,0.01046214605861121,0.010027771908126723,0.009732954879659939,0.01043896108615578,0.010378296170638766,0.020173680596961792,0.020348743488568043,0.0050707890481869605,0.0050707890481869605,0.007691344573432595,0.005240213805602474,0.004534868262709323,0.004222219948502646,3
TCGA-LGG,logreg_late,0.5,0.703894845464613,0.7007620933670053,0.7016244624940278,0.7065687712085945,0.703894845464613,0.7007394255191164,0.41044142318008464,0.4051345439244769,0.7609484251329143,0.7609484251329143,0.7557955803937197,0.6111150885344129,0.40457648038613314,0.1137436005688565,0.012929224598293838,0.012859228492897386,0.01221606774865497,0.011725359853721608,0.012929224598293838,0.012652264198333464,0.024653540983607076,0.025211243780234982,0.003176988219299699,0.003176988219299699,0.004174913905928746,0.005421769404223263,0.0034581064129035506,0.001815308124057111,3
TCGA-LGG,logreg_late,0.75,0.7125013183568001,0.709145759574533,0.709836359292881,0.715001064725867,0.7125013183568001,0.7089881726502129,0.4274857449254079,0.42203500594141447,0.7627922707137823,0.7627922707137823,0.7553065859804673,0.6174707351575458,0.40332435338669265,0.11000635384120427,0.00985418057016344,0.010297014121608194,0.009817608668970513,0.008489941650077186,0.00985418057016344,0.010331011871830408,0.018355202278819732,0.019463075306269437,0.0023350065641135243,0.0023350065641135243,0.0002986124692496463,0.007708081940572552,0.0016489675049170384,0.0053134400032721334,3
TCGA-LGG,logreg_late,1.0,0.7144659995781257,0.7114706754347382,0.7119923554706163,0.7164098577962003,0.7144659995781257,0.7113790578305076,0.4308626326906945,0.42607363953249955,0.7667869929419971,0.7667869929419971,0.7605231507125234,0.6119529473934722,0.3987068033365328,0.11557035526793273,0.018820898233549696,0.018536892321448402,0.0182184905441312,0.01842762066532421,0.018820898233549696,0.018394024049365736,0.03723453000201307,0.036920339588725,0.00666038314953926,0.00666038314953926,0.0027074538411298436,0.009203068289758278,0.0051716730172825555,0.0037416219558680202,3
TCGA-LGG,mofa,1e-05,0.5268790030106475,0.5250396395320633,0.5268985241811329,0.5273322893514499,0.5268790030106475,0.5257943324831262,0.05420761427846064,0.05365680416501606,0.527534338388133,0.5275738028566012,0.5165571607011814,16.918464519519414,0.9451145315481005,0.47289316705921447,0.01577706263995671,0.015928706912223756,0.015435861773002534,0.015745074481624006,0.01577706263995671,0.015838614321144254,0.03152091358715923,0.031114501505723053,0.017595815129342593,0.017611893015989765,0.008958326781561953,0.5323715990102273,0.030601720786409707,0.01537360973012737,3
TCGA-LGG,mofa,0.0001,0.669748425562379,0.663315799274744,0.6654987524552741,0.6760979094360381,0.669748425562379,0.6624863710610239,0.34569354531529317,0.3362101205434431,0.7350603308036864,0.7350603308036864,0.7318954632466469,1.2684400586954896,0.4386552410634604,0.12149741719971995,0.0134535358202422,0.012542669643647348,0.01312485183534557,0.015637412245619754,0.0134535358202422,0.012408050509462077,0.028953005371539595,0.02663499108251931,0.020001101732232303,0.020001101732232327,0.01805680588500651,0.5885179689235885,0.026483300465954762,0.016547935698757534,3
TCGA-LGG,mofa,0.001,0.6430490811252855,0.6354334043932788,0.6382896692679302,0.6502563358659392,0.6430490811252855,0.6343819647441983,0.2930805492130467,0.2827933440054316,0.6974461303306558,0.697447992264749,0.6894046444747781,3.8351663254374295,0.521429740935278,0.17336262064172447,0.018441946004278526,0.018134829015695984,0.018112902834439164,0.019175300809124943,0.018441946004278526,0.018103900393046685,0.03760597932566014,0.036279140271075934,0.022547779111514267,0.02254752793863762,0.027827303310057668,2.052613589777626,0.06262106106970161,0.052542306971387245,3
TCGA-LGG,mofa,0.01,0.667119619606123,0.6593725144222414,0.6623241492806711,0.6750296012011457,0.667119619606123,0.6583571927395186,0.3419324094938769,0.330584511841606,0.7347246342159132,0.7347246342159132,0.7313547844007443,0.6593834861139451,0.42839797289414966,0.11418915555353892,0.01085596316880817,0.010500532697889756,0.01046133672008708,0.011308511538906406,0.01085596316880817,0.010372569017948807,0.022170822986122503,0.0213792662904389,0.01417005399820237,0.01417005399820237,0.01663076925015019,0.03167978491817075,0.011102534055391572,0.007439485504658009,3
TCGA-LGG,mofa,0.02,0.6833216578856113,0.6767157575716238,0.6788872962786007,0.6897613423476505,0.6833216578856113,0.6758846573125136,0.37292859921668553,0.3629081282961861,0.7473297126211889,0.7473297126211889,0.7427376475364337,0.656640912268656,0.4179161496504991,0.10972542336602675,0.006241874067415747,0.006276886123032685,0.006358082183703191,0.0063858215504414865,0.006241874067415747,0.0062875190202579066,0.012610717660333446,0.012633089681222625,0.006897282384302359,0.006897282384302359,0.007014373088499061,0.016518662537320032,0.004784803694718416,0.0037230671296197156,3
TCGA-LGG,mofa,0.05,0.6836695392862336,0.6768313328633702,0.6790976535541753,0.6901099354584405,0.6836695392862336,0.6759519001774691,0.3736211758662023,0.36350562595730923,0.7498810919569848,0.7498810919569848,0.7466076404803846,0.6386530708752759,0.41521233584702827,0.11557993727319642,0.004990366158850743,0.00544147951985158,0.0053036288943641334,0.004371781191171152,0.004990366158850743,0.005537421204158983,0.009308017551036761,0.010271857096354824,0.006440747935326045,0.006440747935326045,0.006484684847220699,0.04119811796251884,0.004152544052139415,0.006682671991364342,3
TCGA-LGG,mofa,0.1,0.6888995580907956,0.6813455253798036,0.683829033285555,0.697460621240617,0.6888995580907956,0.6803672473147117,0.386109856647187,0.3733175810582681,0.7509505127808699,0.7509505127808699,0.7505473775893798,0.6089940502078061,0.41429126782729636,0.11627900748949599,0.005039062440989672,0.004737462637959359,0.004961502277685154,0.0060282423301237335,0.005039062440989672,0.004717875944980493,0.010949322677813374,0.009939433642827443,0.0010560082907261654,0.0010560082907261654,0.002385910828818046,0.005021623293229358,0.0018071697714596364,0.0027323903872949473,3
TCGA-LGG,mofa,0.2,0.6842076236179225,0.6772219876233924,0.679484525136699,0.6912996114752078,0.6842076236179225,0.6763354928640394,0.37532606809081764,0.36430667313190584,0.7493170012895926,0.7493170012895926,0.7490846153845586,0.6228117521664873,0.4152831681977162,0.11505800397839978,0.001967009853287078,0.0016205200043298519,0.0018209314653399365,0.002891609062613707,0.001967009853287078,0.0015827294201195769,0.004783119524468714,0.003809744047706694,0.0031407077290907847,0.003140707729090794,0.005862917770609828,0.01738913106782493,0.0018389861054026368,0.005774602549625145,3
TCGA-LGG,mofa,0.25,0.6839002841857909,0.6775961208148051,0.6795774274035143,0.6900343048811065,0.6839002841857909,0.6768189651320494,0.37376942180442474,0.36406873878896745,0.7490685859145162,0.7490685859145162,0.7484940795003218,0.6182730574772353,0.41490623084365147,0.1106251269918838,0.003402437576265697,0.0028993548634067027,0.003118341984422222,0.004333745812019315,0.003402437576265697,0.002810475476212748,0.007655703200667423,0.00657090749211191,0.003843589920160293,0.003843589920160293,0.00437823796945479,0.008933713276850972,0.0011058341596342674,0.003968683462077312,3
TCGA-LGG,mofa,0.5,0.6815858688730366,0.6747862664393827,0.677032568880395,0.687950366132167,0.6815858688730366,0.6739354654288174,0.3693838534759142,0.35927910549662084,0.7494082126038105,0.7494082126038105,0.7468557130979082,0.6255388105857299,0.4151693232753168,0.1100795389391979,0.004572791126178245,0.005314538835498304,0.004666181253867723,0.003395711302529682,0.004572791126178245,0.005329537898121427,0.008015221983377296,0.009266114655126402,0.001918959614120297,0.0019189596141203735,0.002422797077814225,0.006260119444636848,0.0025505739335126222,0.004327194910524924,3
TCGA-LGG,mofa,0.75,0.6721102517821786,0.6661511987689636,0.6679440728353773,0.6771086814474417,0.6721102517821786,0.665404694249698,0.34912154597177764,0.3407646881131581,0.738447354217703,0.738447354217703,0.7357574975636028,0.6873000365089273,0.4308790073014537,0.12111590488769874,0.0020345434806478056,0.001646371576167782,0.0018983302672624857,0.0029555370469219627,0.0020345434806478056,0.001666029165006769,0.00494739598194592,0.003801920834807001,0.004535907691112064,0.004535907691112014,0.007546460173687743,0.03719511259588591,0.0038613426418135336,0.007006607024219072,3
TCGA-LGG,mofa,1.0,0.6743095306010588,0.6684162225308069,0.6702374316504751,0.6792609501354847,0.6743095306010588,0.6676943796094413,0.35346710109494045,0.3452380534109052,0.7447709537332668,0.7447709537332668,0.743995334577538,0.6428851572691654,0.4202547611162648,0.11050295925284032,0.0018197719689143255,0.0018026215962309332,0.0016387888444948605,0.0017994857161540566,0.0018197719689143255,0.0017547836049573572,0.003598487205592315,0.0034646629626093363,0.004543104177969681,0.004543104177969681,0.00831856266020977,0.0315864121802454,0.0032167087144226655,0.005263681184862928,3
TCGA-LGG,pnet,1e-05,0.652179809751792,0.6486984561913866,0.6502402187184796,0.6549020170466716,0.652179809751792,0.6486889108543231,0.3070438361849826,0.30259248409713474,0.7231770363086115,0.7231770363086115,0.7220100195664733,0.6195858816285121,0.4292222520394178,0.11624437411500665,0.008698172714478609,0.008383067340629009,0.008304406444759094,0.009119018978260476,0.008698172714478609,0.008234134113487815,0.017750689380432977,0.017130773947547844,0.007752238339545951,0.007752238339545951,0.005801185323233596,0.013733195636927629,0.0070911953685733045,0.008403836104475947,3
TCGA-LGG,pnet,0.0001,0.6712354804305246,0.6663677640424587,0.6679013820318168,0.6759562883901676,0.6712354804305246,0.6659277288602969,0.34711043979801587,0.3395196057330138,0.730516212093247,0.730516212093247,0.730588026936486,0.6145186537325492,0.4239878584328555,0.11773077069047073,0.004597663514568803,0.004351786375913358,0.004858765957486618,0.005856715582853408,0.004597663514568803,0.004462742520756045,0.01042702706437825,0.009211044667796132,0.0037552357330046865,0.0037552357330046865,0.00410747469841212,0.004259737255537068,0.0020480171767453446,0.0020661254040490215,3
TCGA-LGG,pnet,0.001,0.6750667035273902,0.6703683146565215,0.6725292420944595,0.6802279784310623,0.6750667035273902,0.6701608098592153,0.35519254359863006,0.34782151013836393,0.7393632193500688,0.7393632193500688,0.7369150622610166,0.6157890314176497,0.4215998342000673,0.11353832191338453,0.006352203273851276,0.005907571487785786,0.0052097175532069264,0.006207200827629451,0.006352203273851276,0.005489260434768674,0.012335165263822667,0.01221142445733418,0.003386540228537235,0.003386540228537235,0.00497348676133524,0.007632952384859774,0.0034357047283076355,0.007559155443261469,3
TCGA-LGG,pnet,0.01,0.6907953093930391,0.6868392811992883,0.6897949071862115,0.6965086016797709,0.6907953093930391,0.6871857373401097,0.38716412938792394,0.38007833694998766,0.758633413480105,0.758633413480105,0.7567995231342447,0.6086427981328258,0.4118718710487503,0.11862222344499089,0.01634105194567949,0.015958020031395317,0.014279300035408699,0.014959870488615072,0.01634105194567949,0.015224828837090665,0.031273550421596505,0.03130752808335436,0.008582009188226044,0.008582009188226044,0.009266674556525084,0.010387414328507184,0.0010722043479385254,0.015189978173740909,3
TCGA-LGG,pnet,0.02,0.6831148156937193,0.6795630737825737,0.6829020013802621,0.6868678866802406,0.6831148156937193,0.6801985199931447,0.37076369121960145,0.36524272820870535,0.7553981559051465,0.7553981559051465,0.7545834775645922,0.6201188483106718,0.41889457650579714,0.12325557079449308,0.016022174504539244,0.015033785657690365,0.01386397601743005,0.012923480277804319,0.016022174504539244,0.014319029174352935,0.030207638900343232,0.03049813265276921,0.011241539383769594,0.011241539383769594,0.011485024434152787,0.01370658019338626,0.0014089356028824382,0.014514347776809447,3
TCGA-LGG,pnet,0.05,0.6732532105317266,0.6697405672990348,0.6742886340712427,0.6800536677039478,0.6732532105317266,0.6708486458839892,0.3530343624934164,0.34619274424404467,0.74529426522782,0.745294289876585,0.7454865260848039,0.6358856014385355,0.4296884210692194,0.1287742154886888,0.021043402354566226,0.021654119083277832,0.018129221213956215,0.018255801191673082,0.021043402354566226,0.020579884411808125,0.039394246244735656,0.040216872435438096,0.009268978314705448,0.009268947084458454,0.011765523123468236,0.02290825616982603,0.008382285012294622,0.018388851393633648,3
TCGA-LGG,pnet,0.1,0.6625528807560922,0.6589568209728968,0.664870556174904,0.6691672982767828,0.6625528807560922,0.660522641688801,0.33223247793411204,0.3256985787115607,0.7388762155183114,0.7388762155183114,0.7405940281052693,0.6480482266337165,0.4386175844213045,0.13249653703287476,0.017082185290114744,0.019073750339506867,0.014347072523939988,0.013527846898137073,0.017082185290114744,0.017968920460664672,0.029569905301959895,0.03244102934481273,0.009502863993296317,0.009502863993296317,0.010256267240372346,0.024051214470422112,0.009290229298388413,0.01893281305924008,3
TCGA-LGG,pnet,0.2,0.6607242433031469,0.6567021536437562,0.6638362442710268,0.6687476032705915,0.6607242433031469,0.6586158473288616,0.32890158988122925,0.3223276531491481,0.7388245906968222,0.7388245906968222,0.7376153994658653,0.6511580090496399,0.43629872480027637,0.12924109826268568,0.019143131015677398,0.02194361887322653,0.016867630862080336,0.015106807905958496,0.019143131015677398,0.02093080227688647,0.03432163694690969,0.03711389658464529,0.011144472361190457,0.011144472361190457,0.011956443225822342,0.029940982297317384,0.009274822832043532,0.02173478953009213,3
TCGA-LGG,pnet,0.25,0.659949345802059,0.655837458895104,0.6631748686096511,0.6690291839919743,0.659949345802059,0.6577780320409886,0.3283024340682297,0.3208551252116036,0.7408230914321723,0.7408230914321723,0.7393266403582169,0.6599123284674594,0.4381161351409626,0.132649089540869,0.018757256762768865,0.02015651645087569,0.016555207619430433,0.016513882821307963,0.018757256762768865,0.019244470240907825,0.03489508555829526,0.036204555235604806,0.010996269534556305,0.010996269534556305,0.012048776561176047,0.032814781885577606,0.008699675242707611,0.02200968146391315,3
TCGA-LGG,svm_early,1e-05,0.64431784848365,0.6157945490661698,0.638434663162924,0.6190722820811753,0.64431784848365,0.6138497649621592,0.2953276101837767,0.28543082589076235,0.7260437921424736,0.7260437921424736,0.717994785582336,0.638579472169665,0.4359568802172924,0.12440488197517154,0.00859558118655415,0.00878745659551487,0.008134311858868594,0.007550958284915224,0.00859558118655415,0.008647302958847393,0.01600345412368736,0.0168514666462326,0.00924610404180618,0.009246104041806211,0.010313749582532814,0.015064416051689232,0.010422242340078977,0.0020333389011925078,3
TCGA-LGG,svm_early,0.0001,0.6618905221531882,0.6353544279098375,0.6569975314540533,0.6352316652391027,0.6618905221531882,0.633800919186808,0.3291363923441946,0.32097783090101834,0.740995825303342,0.740995825303342,0.734411479217098,0.6803332357378068,0.43881104204082994,0.13990553834131222,0.00640625841036233,0.005483820901563936,0.006231230539134127,0.00864266212825067,0.00640625841036233,0.005457691161590481,0.014976453623820564,0.012495452812882987,0.009746807232019263,0.009746807232019268,0.006670120394561666,0.01855165030525016,0.007826053513151545,0.004856412679121273,3
TCGA-LGG,svm_early,0.001,0.6352832729286217,0.6104159088916173,0.6325499681477943,0.6068934327817422,0.6352832729286217,0.609588741420431,0.274236580373804,0.269359817391098,0.7201411829046277,0.7201411829046277,0.7158768656326352,1.0396306011922702,0.5224162881834461,0.21705526349303064,0.0038440143852786555,0.003308350253491364,0.0037454515553879634,0.005182172703589541,0.0038440143852786555,0.0032503086737097667,0.008911765985267668,0.007716473162668688,0.004288459664050587,0.004288459664050552,0.008104130607164214,0.0465236023861538,0.003676848737837896,0.004592136042851796,3
TCGA-LGG,svm_early,0.01,0.6561144938948095,0.6306470281167832,0.6525262780697564,0.6280828769499331,0.6561144938948095,0.6294882506103778,0.3162205514784527,0.3104863793122065,0.7414635985208037,0.7414635985208037,0.7398269477473652,0.8258460882352171,0.47495740965586997,0.18356418046408504,0.01363857568073648,0.013459663100863465,0.013418106708371439,0.013769958293845311,0.01363857568073648,0.013382423561572238,0.027372044814077727,0.02706580705872612,0.011223404960371268,0.011223404960371268,0.01013972938630983,0.030941792321379596,0.01574185877575066,0.006621009111288996,3
TCGA-LGG,svm_early,0.02,0.6458587379190576,0.6199230406567021,0.6422549370918936,0.6185716391525893,0.6458587379190576,0.6187673278114293,0.2964159146128789,0.2899780921356096,0.7381711540985316,0.7381711540985316,0.7392387718423477,0.7953237779662409,0.47511239552480866,0.1852831890520372,0.0054110886098303855,0.0053373593093889015,0.004740743025052947,0.004908657533632042,0.0054110886098303855,0.005140226659270646,0.01038048137432591,0.0102695439821983,0.009039821903905258,0.009039821903905258,0.007026486362119112,0.017846736828829143,0.008376233853336522,0.004746995642773129,3
TCGA-LGG,svm_early,0.05,0.6509201306491589,0.6243971581870879,0.6467391304347826,0.6240325864467878,0.6509201306491589,0.6230493759761879,0.3069196052466541,0.2996623923053548,0.737541271683973,0.737541271683973,0.7387008012933617,0.7734955998129482,0.4681169627802341,0.1766049278889843,0.006877865674337605,0.005942752366855751,0.0063121065460329485,0.007827077132278785,0.006877865674337605,0.005739301972824871,0.014698488164673526,0.013378239631316503,0.006130038340012522,0.006130038340012522,0.004811610022045707,0.0063076013600233466,0.004393739904485895,0.007715345836841912,3
TCGA-LGG,svm_early,0.1,0.6518804899073795,0.6249364633014484,0.6474677496416626,0.6258466328631896,0.6518804899073795,0.6235332556227734,0.30966268537719616,0.3013378903646721,0.7366367965218151,0.7366367965218151,0.7380974865559787,0.7610670520426285,0.4640798471279212,0.17664920447154442,0.006088879060473723,0.0049348202637537735,0.005752935433429629,0.007597730282609537,0.006088879060473723,0.004834892468960793,0.013681307856291755,0.011854846401632915,0.007470747903607217,0.007470747903607218,0.006270526901798604,0.016230987186462334,0.00893735170250638,0.010298803159835265,3
TCGA-LGG,svm_early,0.2,0.6513119635186704,0.6247019785976056,0.6471860566969263,0.6244280420510997,0.6513119635186704,0.6233853704400225,0.30771071510313047,0.3004255743744473,0.7334575472630913,0.7334575472630913,0.7344742170736126,0.7553005096455198,0.46399051566386457,0.17060024943710472,0.007357743841253739,0.006582306864601319,0.006901241324832781,0.008345349337021357,0.007357743841253739,0.006470097523913038,0.015650873534519834,0.014231954939218392,0.007349014081820432,0.007349014081820432,0.007491970572513315,0.012128952951717854,0.008614216884778599,0.011167105253029077,3
TCGA-LGG,svm_early,0.25,0.6545786494213611,0.6280290882119183,0.6504688246536072,0.6278138163888064,0.6545786494213611,0.6267370685762028,0.31436930037446725,0.3068745000975264,0.7339902720249482,0.7339902720249482,0.73482444269123,0.7511852715147403,0.4617768228973796,0.16793813794231852,0.006527494872140735,0.00569683055030679,0.0059500099576505925,0.007440175811046938,0.006527494872140735,0.005552951885255578,0.013915565116670624,0.012434140658300142,0.009083272899424203,0.009083272899424203,0.00829374624285602,0.015732898730988022,0.009903165852858855,0.008858677187177116,3
TCGA-LGG,svm_early,0.5,0.6526149232596492,0.627040827857758,0.6489349418697244,0.6243056205777183,0.6526149232596492,0.6258709609466354,0.3089704303821574,0.30336714932662673,0.733894194900476,0.733894194900476,0.7340723356333928,0.7376858929753091,0.4599115412984383,0.16003200120345365,0.007280037023866279,0.006980205912739023,0.0067374015449162715,0.007190729580264473,0.007280037023866279,0.006809590691935335,0.014422579800140617,0.014146072207639714,0.01049838999295477,0.010498389992954656,0.009949141179597441,0.014398947267610753,0.009634688130506367,0.013034962172674603,3
TCGA-LGG,svm_early,0.75,0.6574627234614776,0.6325863235183807,0.6540392578436056,0.6284549776771738,0.6574627234614776,0.6314858130410274,0.3180074227160008,0.31329649092276735,0.7379677619814663,0.7379677619814663,0.7366459485695458,0.7278592607743066,0.45442573774332046,0.16036023336194885,0.010475336629963543,0.009973316333924797,0.010006250639793343,0.01115813420140091,0.010475336629963543,0.009819192546844342,0.02160734722083426,0.02056463325295683,0.010812269466519036,0.010812269466519071,0.008355693864738084,0.013454833146324481,0.009977780989675389,0.004704296934819305,3
TCGA-LGG,svm_early,1.0,0.6592541194155604,0.6346015215217798,0.6560419652810957,0.6302069248350303,0.6592541194155604,0.6336005169457603,0.3215445670639264,0.31689512709666023,0.7400321963704438,0.7400321963704438,0.7375239053767744,0.726708835985371,0.45150751326998706,0.15585857284615806,0.011713584805238191,0.010755271124105757,0.011365290799479035,0.013477174225539667,0.011713584805238191,0.010636360686075605,0.025129681836702625,0.02311013082878864,0.008956471042898768,0.008956471042898768,0.006814375850867346,0.013410684267192987,0.00849631643125508,0.0023776113322499337,3
