dataset,model,include_non_intersection_frac,balanced_accuracy_mean,macro_f1_mean,accuracy_mean,macro_precision_mean,macro_recall_mean,weighted_f1_mean,mcc_mean,cohen_kappa_mean,macro_roc_auc_ovr_mean,weighted_roc_auc_ovr_mean,macro_pr_auc_ovr_mean,log_loss_mean,brier_score_mean,ece_mean,balanced_accuracy_sd,macro_f1_sd,accuracy_sd,macro_precision_sd,macro_recall_sd,weighted_f1_sd,mcc_sd,cohen_kappa_sd,macro_roc_auc_ovr_sd,weighted_roc_auc_ovr_sd,macro_pr_auc_ovr_sd,log_loss_sd,brier_score_sd,ece_sd,n_units
TCGA-BRCA,logreg_early,0.0,0.8719384071520643,0.8690271259734553,0.8774633123689729,0.8736049999313567,0.8719384071520643,0.8789094243518932,0.8017077364269558,0.7992548248920244,0.9700209958217131,0.9637802444016583,0.9255520983252404,0.4291069872348385,0.19213753796210473,0.08559568736812205,0.002433285271118219,0.0018551398250305484,0.0030744254457154125,0.004867094209295276,0.002433285271118219,0.0028909038452764177,0.006150970610852681,0.00539024147868409,0.0009784765510826416,0.0006243824053666751,0.0042741086251298025,0.0038817937279121456,0.002469649924570879,0.0033439492020828137,3
TCGA-BRCA,logreg_early,0.25,0.8527209495706701,0.8535071508867178,0.8698087747706068,0.8623719153501854,0.8527209495706701,0.8701231330749756,0.7887951845224151,0.7871441839181879,0.9707550603013155,0.9650945040052782,0.9243340435690675,0.4233429039773145,0.1953761619280349,0.08203509341866982,0.013749095192541064,0.012676994108426435,0.010249118164873545,0.008468742025409662,0.013749095192541064,0.01018948035902621,0.015848361119122904,0.016359828687247592,0.0018841056510872456,0.0015902043859472269,0.007303437048050137,0.01542799351037325,0.012759709379934633,0.004993400720098553,3
TCGA-BRCA,logreg_early,0.5,0.8529585255644939,0.8511729815585215,0.8653526924489595,0.8554475437674457,0.8529585255644939,0.8670959345839684,0.7858114092588254,0.7841005543140258,0.9690564763287609,0.9629491177538823,0.9141920414672405,0.46498569063967937,0.20772008326396305,0.084863335996342,0.004708265366181063,0.004172327695747526,0.005306790135266681,0.005080856254090358,0.004708265366181063,0.004636701086432244,0.0076881148983064624,0.007627245199317544,0.001736152435991918,0.0027061265271315794,0.005737222967168475,0.02690549776304961,0.008249507300511653,0.0022530045690435413,3
TCGA-BRCA,logreg_early,0.75,0.849085516271549,0.8451430137042683,0.8603521554341227,0.8487991222799365,0.849085516271549,0.862327620194054,0.7809942080408946,0.7793339540216312,0.9690375205816548,0.9633590195432173,0.915867548131207,0.4782198813943053,0.21444538599138593,0.08506759397045205,0.0056394583857465415,0.004826190941063027,0.002962844762590029,0.003908367683778425,0.0056394583857465415,0.0030695399294358044,0.003748987828301521,0.003809543539234389,0.0010032491249689626,0.002249482606172522,0.0037803870684933677,0.014058212754585101,0.006825600544439642,0.002953554578259539,3
TCGA-BRCA,logreg_early,1.0,0.8464684016067926,0.8425702905603712,0.8575866202510939,0.8450583473547523,0.8464684016067926,0.8591772392330994,0.7775110488047231,0.7759054658356793,0.9681166767395987,0.9619365561145893,0.9120156505088532,0.506686346759725,0.22073532838751242,0.0868052698248748,0.0034578006943390906,0.001595792621429433,0.001654428720295864,0.00395720411948088,0.0034578006943390906,0.0017692458354299197,0.0024359687673694303,0.0026667212467199565,0.0011739611624552843,0.0011712080950705005,0.0023543405088457744,0.006869486601546972,0.0011891361264024004,0.002695404952047842,3
TCGA-BRCA,logreg_late,0.0,0.8766533934943409,0.8704841754251674,0.8791404612159329,0.873039823537708,0.8766533934943409,0.8807142145809849,0.8049839534629549,0.8023929317151869,0.970391788578557,0.9626599126776534,0.9301442266526511,0.48607002626188733,0.24530496747526165,0.2070270393732536,0.0010190054978498953,0.0011566989899778409,0.00227489878555665,0.0004885562064477507,0.0010190054978498953,0.0019586965979070483,0.0030656517736784884,0.003517945850083584,0.0020844710987907725,0.0021960207555351205,0.004339257492155036,0.005904330092197345,0.0035207824256592007,0.0047709408667120125,3
TCGA-BRCA,logreg_late,0.25,0.8709602075031758,0.8640709718908323,0.8743677230318451,0.864886575516874,0.8709602075031758,0.8753762725873031,0.7985814053181354,0.796419650945686,0.9696201765373305,0.9621225091292174,0.9236026478560043,0.48440992960367263,0.247271858687341,0.2000370463270569,0.011436632646853464,0.010643791630079842,0.00972171783590867,0.009426933469807249,0.011436632646853464,0.009802566391219805,0.01538569687661396,0.015191465502895206,0.0026600639774758514,0.002363136647357222,0.006685954982472926,0.007795925354247654,0.0044500195366267165,0.006225765955503755,3
TCGA-BRCA,logreg_late,0.5,0.8676419250853216,0.855828092259901,0.8683774982755068,0.851770942373958,0.8676419250853216,0.8701914397558653,0.792469472027684,0.7902677208737594,0.9681316884567921,0.9610103773596957,0.9135203302732234,0.4942660464670894,0.25211466816497513,0.1944514344703677,0.006547202743428537,0.003645082617169103,0.00113642166179737,0.002463516827387906,0.006547202743428537,0.0005988931960958143,0.0011975384926804448,0.0015436504131442162,0.001075907792307444,0.0014573748321057222,0.009544824812807716,0.009314515757100343,0.005554232903478889,0.004346228035393462,3
TCGA-BRCA,logreg_late,0.75,0.8684111017740134,0.8545463836687417,0.8669095324833029,0.848726469017056,0.8684111017740134,0.8689284962348963,0.7932913072618839,0.7911083925796479,0.9695680490894633,0.963100340107847,0.920497644139492,0.48802011906396586,0.24794135050577593,0.19108095251118698,0.0018679538872586623,0.002679410288538218,0.002903459314261683,0.004390583301644358,0.0018679538872586623,0.002781744916583315,0.0043191768903745485,0.003805343348062892,0.00188386842522965,0.002305736836058632,0.004208352425721182,0.003231966649131277,0.0013232696819068571,0.002755618102223073,3
TCGA-BRCA,logreg_late,1.0,0.8669616494369011,0.8518403189121867,0.8639042244305403,0.843147506556923,0.8669616494369011,0.8656235834486133,0.7892640468615145,0.7875034293164044,0.9682398773873492,0.9614946349800175,0.9130461093128229,0.4944562893387779,0.2521400223565326,0.188328287552913,0.004738746536845971,0.0025544159513362606,0.004789086746796698,0.00203245901125807,0.004738746536845971,0.0048587665988765825,0.008262882774437551,0.007974474265563438,0.0013252921435062618,0.0014637486565593294,0.00415270524634455,0.0017041471360294616,0.0018113422201715655,0.0026824588960111338,3
TCGA-BRCA,mofa,0.0,0.7640280321641821,0.7331135552133361,0.756533892382949,0.7269745433733723,0.7640280321641821,0.7611456409513643,0.6338142069175676,0.6277610654532894,0.9031243101281975,0.8944862916444588,0.7980194617347922,1.979357440678842,0.4010046781858954,0.18202403295968664,0.02126817984463942,0.02350194644548931,0.02060923892385694,0.019571593865562745,0.02126817984463942,0.02111203034237342,0.024075999740218863,0.024446319361300508,0.011063956772068107,0.00958482049200396,0.018596879629081065,0.6898239120132613,0.03772085777321791,0.01751448380552429,3
TCGA-BRCA,mofa,0.25,0.7740054467742957,0.7423413605398839,0.7634290316224158,0.7319480929155313,0.7740054467742957,0.7686037606147392,0.6448453851531175,0.6374825683518593,0.9084782888639,0.8997481779747813,0.7909247905950103,1.6189978139188383,0.3800242655077875,0.1597039550603342,0.0118992218447344,0.009698062955808608,0.0038249368397977167,0.009454119388807808,0.0118992218447344,0.003788530182267358,0.007706491442344277,0.007560330288650925,0.004677805388518351,0.0033857308007787354,0.010090057598505155,0.27221107920542453,0.01019404398638644,0.005628023964132348,3
TCGA-BRCA,mofa,0.5,0.7771419434745314,0.7476436344688837,0.7699237938252693,0.7390832234403506,0.7771419434745314,0.7757004930504393,0.6566020376961349,0.6494075020500739,0.911981782984558,0.9066682146925039,0.7944816306673669,1.3618389079908102,0.3605335610665197,0.1443442726066352,0.012785679477287624,0.016461345117486446,0.014941893071310707,0.01673303829452591,0.012785679477287624,0.016828198526897757,0.01801074001030283,0.017793449766970486,0.010365601168035633,0.01196908556124186,0.015396608688220879,1.0062889397505757,0.03670377126987688,0.023672010340316373,3
TCGA-BRCA,mofa,0.75,0.7743913839588923,0.7429035543773024,0.7662821291236592,0.7315409752600962,0.7743913839588923,0.7723959261450172,0.6552081713037968,0.6478449916802851,0.9140137413992996,0.908127196943627,0.7885829428759136,1.210243912464822,0.35991094895146586,0.12992171960764318,0.020708487604723012,0.021619269344983892,0.016369147408257956,0.021140965006950882,0.020708487604723012,0.015699574747775353,0.020988323268772903,0.021671975926070345,0.010976877169124065,0.007674977339106805,0.020025848370607755,0.36036898534614226,0.025437224098179827,0.009524725125948333,3
TCGA-BRCA,mofa,1.0,0.7722977783877231,0.7429617898657992,0.7633721237339658,0.7335862017804883,0.7722977783877231,0.7709047744605071,0.6520330543700963,0.6439961671746947,0.9149565908229974,0.9095703688174849,0.7861938489292014,1.0352216985602258,0.359069950834117,0.1228938884368323,0.008854719685903636,0.006377975495596241,0.006668033088847408,0.004758665620689366,0.008854719685903636,0.007051338408018225,0.011054910685605044,0.010170874798223336,0.00538429161266385,0.006406498358344946,0.006182790301573361,0.3461002653544871,0.014037119959128055,0.005869557706486224,3
TCGA-BRCA,pca_logreg,0.0,0.8445051207717453,0.8373195138667614,0.8513801537386443,0.8399400349365244,0.8445051207717453,0.8545735101172691,0.7612373595515879,0.7582915634063144,0.9548176726330303,0.9499584371711104,0.8913996824323153,0.6057078084546172,0.24210233028139216,0.12303464196534775,0.0030844560554006023,0.0032088314350305026,0.0029093165042858838,0.005532955651792486,0.0030844560554006023,0.0027785967608224688,0.005100382502553055,0.0047341201509590045,0.0012157063900264265,0.0010458949956220359,0.004972156372684745,0.021365348593024847,0.002368747521298391,0.0013993620152179798,3
TCGA-BRCA,pca_logreg,0.25,0.8378710712958174,0.8308673291713035,0.8466975737013905,0.8335672530367341,0.8378710712958174,0.8493594060485895,0.7559699516065453,0.7528636049256798,0.9577997559188355,0.9525915183641231,0.8951471864692205,0.541919508871071,0.2409402920710674,0.11423496023439539,0.016254289794331186,0.01619777361037069,0.007580916638103969,0.014547843070533459,0.016254289794331186,0.007558126044192293,0.013988093995006832,0.014822107200955021,0.003686068687213208,0.0027205093089729317,0.010595670030020987,0.024048045694776577,0.00981089980474996,0.0029179745210057167,3
TCGA-BRCA,pca_logreg,0.5,0.8362628743688673,0.8274022884699844,0.842203573806815,0.8289402258696126,0.8362628743688673,0.8460908772770254,0.7528304398063664,0.7498361425699466,0.9546793950339761,0.9500257625481295,0.8835918615410993,0.6370433471560684,0.2468900923516393,0.10940797407580584,0.0006357714229684405,0.002174902096045195,0.004805232198413367,0.001984838496551487,0.0006357714229684405,0.004028953220435756,0.007305594537478116,0.007906718472065942,0.003199138761740391,0.004586921805776543,0.007741247362091254,0.13263426650453952,0.007330964486085201,0.0006231631907671802,3
TCGA-BRCA,pca_logreg,0.75,0.8387696608075008,0.8272097108809552,0.8384537543007489,0.8253361711037172,0.8387696608075008,0.8425051724399619,0.7508405612744801,0.747698950894451,0.9587897470301369,0.9524770687238372,0.8940737266694958,0.5577046868672718,0.24545180892605364,0.1019582054083763,0.003361365466356106,0.004242845695912233,0.001522861791848414,0.005718296398344596,0.003361365466356106,0.0017499028587782978,0.0018591701297588973,0.0015560494943936724,0.0005631296299911475,0.0013717621654817675,0.008177783668732487,0.009032075213412904,0.0016596292557287306,0.0015694459199874547,3
TCGA-BRCA,pca_logreg,1.0,0.8363668843711736,0.8228171194451033,0.8352067827396775,0.819054576186322,0.8363668843711736,0.8393573454233269,0.7478773987129852,0.7444653127196648,0.9577991778374201,0.9522709763159614,0.8893393417927773,0.547731866741395,0.2499028634342083,0.0968908343878615,0.004095531289051988,0.004129407989152244,0.004955458365426368,0.0051204845687849035,0.004095531289051988,0.0049727430633282705,0.007490033126125578,0.007784185457318839,0.0005847416678192635,0.0012338315008877112,0.0017580124738471108,0.014691603254634143,0.006173130496081749,0.0027746848394538635,3
TCGA-BRCA,pnet,0.0,0.8397332492890258,0.8444441777159005,0.8648381085488004,0.8592372565960971,0.8397332492890258,0.8626257455895271,0.7766235557452247,0.7737397941531828,0.9644567492946153,0.9558868243404031,0.9119502144419229,0.370307440081359,0.20071828256981786,0.07479289273941625,0.005650983372264784,0.005672893747233689,0.004434612476938331,0.0027344044724272754,0.005650983372264784,0.00435225909194514,0.005565876222940875,0.006956599627511359,0.0016811854002742248,0.002112141303894233,0.002490007981574512,0.008788185125685305,0.004379071749308062,0.0014101542523330844,3
TCGA-BRCA,pnet,0.25,0.8082904269763466,0.82508266415628,0.8526936740889243,0.8567045347533219,0.8082904269763466,0.8478441044878231,0.7550581420954917,0.7495588261345377,0.9279343894719245,0.9204410754282574,0.8723647265481863,0.9921882742093198,0.22799996550685078,0.08421847716440937,0.011915937165465964,0.008661170535768386,0.006276111515745692,0.007115140753779312,0.011915937165465964,0.005880320943570924,0.007997663772705789,0.0071283095097383975,0.007510675907822966,0.006178292699234425,0.003929233405513469,0.10168464009459567,0.004141344347930045,0.0026407253281623662,3
TCGA-BRCA,pnet,0.5,0.8271156368643182,0.837201076810691,0.8625050888723657,0.855459766373117,0.8271156368643182,0.8596785477210008,0.7758988809113566,0.7737968802922547,0.9668127266408998,0.9594673111687987,0.911147891047782,0.35207451040774257,0.19826439733519455,0.06331634993916253,0.0049007851465843934,0.0035834264036888274,0.0006641125181471292,0.003453572401381265,0.0049007851465843934,0.001645259185821985,0.0024434618573883774,0.00330196239845789,0.0009343043057083218,0.001756353371877248,0.0017536100512128938,0.0071050092509755605,0.0019702078660653825,0.0019724497281459878,3
TCGA-BRCA,pnet,0.75,0.8162155431050798,0.8289367614999152,0.852803076300344,0.8523798549592331,0.8162155431050798,0.8499949380102444,0.7625766317469772,0.7597368777217574,0.9484961402081401,0.941054264678459,0.891772623119614,0.6941371966422216,0.21693708754845462,0.07185879485862728,0.020425432344087925,0.013806066304661184,0.009475420375219541,0.005988281516169156,0.020425432344087925,0.01061991777727731,0.017202202566147396,0.018860885617541606,0.025192761684131745,0.023419270335905375,0.02908233111951716,0.4305094399911508,0.02145061770736198,0.012196726801779393,3
TCGA-BRCA,pnet,1.0,0.7840102982262437,0.803052446153553,0.8315400405312685,0.8369499121958394,0.7840102982262437,0.8267644937016115,0.7280711703480321,0.7226522883184657,0.8988984883507722,0.8915495618786223,0.831981048300772,1.5894363314130835,0.2625503713620962,0.08981466898096384,0.01043899901107112,0.0072606578622291165,0.0030354096182364496,0.001719687037430826,0.01043899901107112,0.005010628929682001,0.005668942048124996,0.007728458623772398,0.020148139212376404,0.01934205555461786,0.02168825482217888,0.3857548154483759,0.011317455209236854,0.007535276117682691,3
TCGA-BRCA,svm_early,0.0,0.7792200896959214,0.7544849959234314,0.7777515723270442,0.7574681108979658,0.7792200896959214,0.7642321827547484,0.682907298089893,0.6804271033142043,0.9532558939047698,0.9451861149332724,0.8794508328664213,0.5611844344760467,0.24034117035407168,0.09933782594134975,0.003697513877230669,0.003915136617050945,0.0031846901101460897,0.002757382860418391,0.003697513877230669,0.0030843004235047806,0.005855748807687218,0.00560919812283818,0.0014392794813371259,0.001269290707395521,0.002549907182539978,0.007638648873924291,0.005761765171541884,0.0027335680429857743,3
TCGA-BRCA,svm_early,0.25,0.7632182518873168,0.745518764445083,0.7813253399131262,0.7526772683943393,0.7632182518873168,0.7656386974291015,0.6737776101010994,0.6714858350757219,0.9485917307693364,0.9437824719714284,0.8688477108646859,0.6201315407623293,0.2523796701516298,0.10683180355523864,0.014097877667237357,0.013103290425105845,0.0077238773720108254,0.011923487143496829,0.014097877667237357,0.008460863671569797,0.011185999872213293,0.011484768799854909,0.007213401498147618,0.0061807555468784674,0.01939431262781191,0.05944943982209258,0.015350903528081944,0.008252682880786583,3
TCGA-BRCA,svm_early,0.5,0.7676021087609132,0.7442986189464885,0.7729955566305643,0.7484080478989168,0.7676021087609132,0.7628531496630263,0.6753676019829146,0.6726599497038532,0.9498677402410962,0.9439715043226095,0.8661832867158547,0.6289679935210364,0.2577954433863125,0.10627490683055603,0.009773471021552186,0.00555900254138742,0.010903334613180011,0.007940930565268923,0.009773471021552186,0.007059141587165038,0.0065159763261036265,0.005936476972438682,0.002402755020204293,0.001964011372062801,0.009991301170551595,0.026706690335842144,0.007256414050227563,0.0036472498997473387,3
TCGA-BRCA,svm_early,0.75,0.7678553904013002,0.7458077949561724,0.7727383120825744,0.7518631041705907,0.7678553904013002,0.7633808804118384,0.6820404253324361,0.6759008715432547,0.9477847651848789,0.9425973246519912,0.8605594238898711,0.6516127088059402,0.2684287736770667,0.11199534476108558,0.006517044339550368,0.012087935972418066,0.01617911229796091,0.015624910271996034,0.006517044339550368,0.016257474107969783,0.00907513814855568,0.0060623408053237324,0.0016438018107787136,0.0010448352874444468,0.006807448264878011,0.011828348455916711,0.005793445951558885,0.002550067549368507,3
TCGA-BRCA,svm_early,1.0,0.7647167773031622,0.7423981729930423,0.774603512350223,0.7442204959129285,0.7647167773031622,0.7609105080021665,0.67212926463682,0.6685029685384647,0.9469979558877041,0.9412721243024641,0.8597133228705016,0.6746461803391769,0.2677828147879158,0.10942899635302132,0.004410739530661928,0.004049908592227716,0.003775403006114753,0.005339609673277458,0.004410739530661928,0.003691391487639877,0.0052878098355447,0.005815253539275428,0.0012209047828095952,0.001583958358836305,0.0024287626612564633,0.011880851685122694,0.006201952794494322,0.002150343317619768,3
TCGA-KIPAN,logreg_early,0.0,0.9772712633582198,0.9795409835973171,0.9816993464052288,0.9839118479480798,0.9772712633582198,0.9816106443621183,0.969732012823537,0.9691408224367571,0.9980906975164013,0.9982674166340422,0.995215224307437,0.08111134811860991,0.029225095514011534,0.029082662587610733,0.000569917917904752,0.0027064136049923236,0.0009803921568627139,0.004760558881225515,0.000569917917904752,0.0008957518049586551,0.001386505455624392,0.0014435547363316208,0.0011416034163419506,0.0008715425180530142,0.003001417744230036,0.005435663236636409,0.0017465336030237958,0.001344658332268538,3
TCGA-KIPAN,logreg_early,0.25,0.9721011587006482,0.9677679175004057,0.9771442914515204,0.9668764409140355,0.9721011587006482,0.9773298681277405,0.960502220605432,0.9599107040238842,0.9964685311646901,0.9967989559457625,0.9899361033968708,0.10898936238994812,0.03972082570813904,0.030641902628422313,0.013352312721668622,0.016249467708088598,0.00844706974274372,0.017379570808844648,0.013352312721668622,0.00836408605109175,0.014603366760633564,0.01487076906392962,0.000869950032576616,0.0004335212520492986,0.005152549957519442,0.015256700896678424,0.011636383574413064,0.006225369798457842,3
TCGA-KIPAN,logreg_early,0.5,0.9568441841014593,0.9444624314664386,0.9650857904381143,0.9371600364799934,0.9568441841014593,0.96568386028094,0.9377020763899254,0.9368729709117295,0.9945835173226053,0.9952503875979243,0.9829606319428912,0.16725055181286685,0.057866473621657644,0.03815320314954885,0.004157128998492373,0.00974875918435077,0.005370225866771472,0.014204006920043116,0.004157128998492373,0.005021311766743905,0.00958339901894214,0.009942219040707278,0.0006919023984333451,0.0013021261744327296,0.00470793757858471,0.037960663533429556,0.009699507213174011,0.003405888552104388,3
TCGA-KIPAN,logreg_early,0.75,0.9564853671202957,0.9440955685291845,0.9642642642642643,0.9359616529356826,0.9564853671202957,0.9647736140783016,0.9350319941755244,0.9344006803340923,0.9954427590626959,0.9954964399473689,0.986822678937703,0.15491513742533292,0.05971505139544995,0.035867682051790334,0.0020417313601213184,0.00486655440940976,0.0023897588652248324,0.009500875437679968,0.0020417313601213184,0.0020273966497701317,0.003955740519397239,0.004301595433580231,0.0004896821046045177,9.347634962659961e-05,0.0016704848806432708,0.011657498356189027,0.0029333167199622873,0.0007080561362742746,3
TCGA-KIPAN,logreg_early,1.0,0.9569595471464659,0.9424637869409179,0.9644009617352158,0.9324633925853177,0.9569595471464659,0.9649506694759915,0.934798095935402,0.9342154390845067,0.994347123149064,0.9952597022567694,0.985757652354736,0.15358836993512195,0.05884392768661562,0.034260881994446823,0.00422720730194594,0.0018161746926334656,0.0013829339096669093,0.0010330357085361647,0.00422720730194594,0.0014029429288085272,0.0025864814761112805,0.0025769424681943267,0.004053864487948762,0.002102324863372219,0.005261454800692104,0.020398537026619853,0.0024241233144571086,0.0017839241938600833,3
TCGA-KIPAN,logreg_late,0.0,0.9688854730883717,0.971562272520872,0.9706971677559912,0.9764908387372154,0.9688854730883717,0.9705681976797509,0.9514227523497608,0.9505139889571113,0.9972980000299674,0.9978066646726435,0.9930413790504681,0.2368061396739829,0.0912184503086952,0.17394174449222632,0.0020524008737275302,0.002109201893168999,0.0026414718198218556,0.0020901897751999174,0.0020524008737275302,0.0026798618820130997,0.004176575233659998,0.0044418505452391045,0.00032043307770281777,0.00045279317648942653,0.0010141323598357051,0.0014061150026231316,0.0006995678273750909,0.0017493652463580563,3
TCGA-KIPAN,logreg_late,0.25,0.9673354072954562,0.9551768968302773,0.9665216421240518,0.9471341902258444,0.9673354072954562,0.9668717510269009,0.9425370465596586,0.9416247174109676,0.9944767490240913,0.9948501559597913,0.9803631007742935,0.23130217069322057,0.09026025507200852,0.14694533334764456,0.006755281617877809,0.0073712174761026775,0.00555436754309405,0.007135601114772013,0.006755281617877809,0.005459377016536803,0.009344047103207166,0.009771504325165919,0.002032353385065897,0.002366468301157488,0.011745496650666385,0.02390065799603465,0.008069387968892526,0.003503172409735917,3
TCGA-KIPAN,logreg_late,0.5,0.9684613836889314,0.9576024238727228,0.9692674496085291,0.9505957068642341,0.9684613836889314,0.9695897992741754,0.944995726827368,0.9443552620282052,0.9951695894190862,0.9957451080770516,0.9817127335803152,0.22021948855404902,0.08742819510529258,0.14082642957784597,0.0018217465421991902,0.005066751463953325,0.002096538265633613,0.009866823896223405,0.0018217465421991902,0.0019158258732169676,0.003674622926256362,0.004010281091136178,0.0005749706046419732,0.0006274695358278626,0.0038653611216321886,0.006661378329937316,0.0004170799897796734,0.004364166214669751,3
TCGA-KIPAN,logreg_late,0.75,0.967610144089528,0.9537948003147069,0.9682807807807808,0.9433951822847018,0.967610144089528,0.9687263214552422,0.9424713520453327,0.9418298825698611,0.9961816379653298,0.9961393604730122,0.9809796801460565,0.21081298655059968,0.08393057800253667,0.13244850345642753,0.00195638906878218,0.004438434983486126,0.0016715798857517518,0.005573345200224036,0.00195638906878218,0.0015017271210560675,0.0028776486497596636,0.003147878636111575,0.00032733392750132994,0.00032324995513566957,0.003722574652983562,0.0020938503290991724,0.001400847627493508,0.004449178394054242,3
TCGA-KIPAN,logreg_late,1.0,0.9709930782265435,0.9571084593497069,0.9706854921219562,0.9460241435685872,0.9709930782265435,0.9710379447427719,0.9461824699858904,0.9457526565203075,0.9966594301646804,0.9964527004161933,0.9834694523798326,0.20030130606245003,0.07977127747920237,0.12661364974058775,0.0003552987835282684,0.0010543022926712063,0.0008479191183567882,0.002039365054136389,0.0003552987835282684,0.0008871206026732191,0.0015079207336939893,0.001556185277871166,0.00019459976808736807,0.00020275847202721526,0.0017816264815020536,0.0016907160141902747,0.0004496968160814117,0.0015939444326332202,3
TCGA-KIPAN,mofa,0.0,0.8632065420712763,0.8464658770823755,0.8588961510530139,0.8477016321027495,0.8632065420712763,0.8527058142959758,0.7888283033047978,0.7876889498693371,0.9213149282207809,0.9210921750194516,0.8964632519423675,3.8088711099833668,0.29905412600947123,0.21524966771289522,0.011892980824875988,0.014765388403282535,0.011346419730766341,0.01410605199279986,0.011892980824875988,0.013203467267740935,0.0145289607794242,0.016120109936728994,0.00863432396897669,0.008495567598536537,0.01470836016622304,0.4932199924039443,0.023616471282897115,0.011986658504441547,3
TCGA-KIPAN,mofa,0.25,0.7253414566000163,0.6793085808334406,0.7033116593357557,0.6934479917324471,0.7253414566000163,0.7000602455387411,0.563875637763569,0.558169225351316,0.8049011823820148,0.7988169400811369,0.7130794720794364,8.106622120832379,0.5726222212019939,0.3035166823020191,0.037855094808089886,0.05280657202228323,0.04957515996905389,0.048685023781393263,0.037855094808089886,0.05264982336197375,0.053182906727937115,0.056134994676022974,0.0334579611860916,0.0352121806639599,0.05622784488400313,1.874164051093006,0.09927130965902291,0.04773447428284658,3
TCGA-KIPAN,mofa,0.5,0.6740658959552487,0.6262293198631107,0.6741691654172914,0.6459289256409123,0.6740658959552487,0.6715947163600774,0.4980028075632876,0.4928266657152724,0.7754353913209481,0.77109358542647,0.6729292665412303,9.15152362263958,0.6296000819548954,0.32240382936144196,0.04707999589718607,0.05324149732845891,0.047968025592319365,0.04501966354108137,0.04707999589718607,0.05122259644386799,0.06946543208870953,0.07129174922625109,0.04246684032534869,0.04255289471865572,0.04764083907480121,2.101945214630527,0.10380927498403637,0.052109632226487415,3
TCGA-KIPAN,mofa,0.75,0.6888877933725249,0.6404355343837796,0.6846096096096096,0.6676433951855976,0.6888877933725249,0.6789964203531538,0.5174233871966816,0.5107622652354923,0.7869268496452292,0.7818680257293743,0.6810502085333705,8.654001468699397,0.606657208678775,0.30147629808785276,0.03422678424097666,0.04177098042071334,0.03969382941134023,0.040163893205540445,0.03422678424097666,0.040476829939361046,0.05491175450755808,0.05433301906417661,0.03283433400214783,0.032565385624502285,0.0324390720898817,2.1713902002445526,0.08840616134977598,0.04790206324854827,3
TCGA-KIPAN,mofa,1.0,0.640125627971127,0.592723033413511,0.6477180956278562,0.6210277777745307,0.640125627971127,0.6439940268446479,0.44613986812780376,0.43930712729632937,0.7491776857787852,0.7445269978740248,0.637477296725607,9.987520236638774,0.6781542701600946,0.33127600522089656,0.024727702809961154,0.030316314389862722,0.025634405193481754,0.023967522277231892,0.024727702809961154,0.02801068402874192,0.036271436865093515,0.036098226556118475,0.026146476298989474,0.02499872428003989,0.03164776294233818,1.2469099655303684,0.0560109233896641,0.030737117035492485,3
TCGA-KIPAN,pca_logreg,0.0,0.9426704240472357,0.9412555473526343,0.9481844589687727,0.9458434206109715,0.9426704240472357,0.9481093646233999,0.9141558559336856,0.9124254636606505,0.9652131015554165,0.9645925555611031,0.9325204678329296,0.8149986321835746,0.11454128846288403,0.1096037841666489,0.01126714906471082,0.015552660587463785,0.008620360120879756,0.017260622882804413,0.01126714906471082,0.008462621488146008,0.013497244431985609,0.01405986806881218,0.014432841379357441,0.010276945542855579,0.024264172010538612,0.21020336476773263,0.01610205380175241,0.003958422004909418,3
TCGA-KIPAN,pca_logreg,0.25,0.9344462936259889,0.9292495242228797,0.9385717473066869,0.929841226058227,0.9344462936259889,0.938684500664031,0.8941860692780249,0.8922330653262582,0.9760177911306137,0.9770894141474012,0.9461493706891962,0.5342514774189747,0.11242486197808105,0.09904327306052656,0.026970324392151444,0.025676697723977814,0.013180373826623064,0.02098045110353394,0.026970324392151444,0.013287117622388768,0.022801447257958473,0.02353021446678503,0.012265110178345986,0.0065009169498326125,0.027901536900247024,0.1720370018924078,0.021047746532590512,0.009097201370301431,3
TCGA-KIPAN,pca_logreg,0.5,0.9042628986944593,0.9005964388885558,0.9202173913043478,0.9045855863096776,0.9042628986944593,0.920840787324673,0.8568614434854097,0.8548985297937661,0.9686675600265445,0.9712479632842284,0.9265705527030512,0.5798429664888306,0.13945095546609643,0.10011083896734053,0.012022341139760086,0.018863097794799347,0.01044909367313566,0.02283278417756618,0.012022341139760086,0.009803494879484983,0.018293256556818006,0.019277772169234736,0.008553434950596689,0.00332888987072822,0.01520803420370424,0.0929852004639964,0.012947125778195186,0.005225075727635593,3
TCGA-KIPAN,pca_logreg,0.75,0.906239827194563,0.9030684445016658,0.9229229229229229,0.9053060348913906,0.906239827194563,0.9232682140885987,0.8589925671151541,0.8573650312544765,0.9786175636241315,0.9783985398290609,0.9446715686057677,0.4208000538815038,0.1317763895426,0.09044761941294449,0.012486843701191953,0.012481169579644071,0.006555899855550689,0.010726254160822919,0.012486843701191953,0.006327746046885224,0.010862387574167668,0.011486196000121952,0.002025134339252695,0.0013932421703666267,0.008438953641208018,0.031857802285443756,0.010448664548391034,0.004897452129156364,3
TCGA-KIPAN,pca_logreg,1.0,0.8891732859834925,0.8856591093032807,0.9112153559329741,0.8906334423153065,0.8891732859834925,0.9118660205973527,0.8371222397157201,0.8348511088782623,0.975395105368332,0.9767918555943748,0.9412461180249115,0.4124274867172961,0.14712304629032347,0.09308666522963081,0.002944450751857399,0.004120623638438843,0.00221272159726519,0.004525621562398514,0.002944450751857399,0.002071533428287374,0.004210459341671896,0.0040349834440989345,0.0038867569089490613,0.0031200313664586157,0.006924632333401625,0.041599150978202985,0.003769621675305129,0.0010928690512629795,3
TCGA-KIPAN,pnet,0.0,0.9562085698639645,0.9605616445675448,0.9729363350278383,0.973705455217881,0.9562085698639645,0.9719517089868114,0.9552200604954697,0.9539112193288236,0.9960068613399047,0.9954003747915671,0.9920719389295499,0.14019083908217567,0.05716094638798502,0.07498392350620002,0.006325126324008058,0.006849328735294084,0.0016912165068708005,0.003975606991686899,0.006325126324008058,0.0023345519325272566,0.0030193548435271467,0.0031745178800169508,0.0012474410496602752,0.001385998854093733,0.0036284266279123494,0.00851370192768624,0.003177422010855011,0.007018485860406921,3
TCGA-KIPAN,pnet,0.25,0.9572230330675922,0.9566351234979654,0.9628567178767983,0.9615286467165894,0.9572230330675922,0.962665019696451,0.9356991377423154,0.9344962200451489,0.995349753650943,0.996507737240198,0.9873021627117778,0.10717320533838248,0.051623203794508465,0.0365928100225302,0.017682354599534225,0.012344669760917778,0.00863476196118717,0.005055192492842596,0.017682354599534225,0.008966500459823803,0.01492640172279146,0.015459706289985919,0.0014286059029821315,0.0010679573487544244,0.006212002505310665,0.022545372793888317,0.01224675360890031,0.004573190223731499,3
TCGA-KIPAN,pnet,0.75,0.9239052137124707,0.9384545606374534,0.9512846179512846,0.9575634266517875,0.9239052137124707,0.9508583047381701,0.9095900931295967,0.9083530456933401,0.9920072528855556,0.9929842730172616,0.9807803985593605,0.13636728297860937,0.06774564859289366,0.033921139676361275,0.011738880086951484,0.007612004218915767,0.003638911712112825,0.0015885769155385083,0.011738880086951484,0.0038614301878485005,0.006373118106296993,0.006860442078923591,0.0026244351721256055,0.0009463579132912535,0.005116043862680485,0.006925939409582709,0.0038405085599835,0.0006168785939891919,3
TCGA-KIPAN,pnet,1.0,0.9077417515171096,0.9251428135065861,0.9427791419412045,0.9498120948935734,0.9077417515171096,0.9421962190604073,0.8932769150097624,0.8916531599798289,0.9875090595604856,0.9904152670122154,0.9699171887742059,0.17055835872863612,0.0789779444479408,0.035108363477885145,0.007378702038151261,0.004215716316770185,0.003761714198446517,0.002815472831650924,0.007378702038151261,0.0039811630661019835,0.007339344856436674,0.007561730725820161,0.006939151116391065,0.002981621902057295,0.006749454214326193,0.026086496902399954,0.0038817362523469222,0.0009342037291320804,3
TCGA-KIPAN,svm_early,0.0,0.8916976528570731,0.8614189695683253,0.883115468409586,0.85555128492779,0.8916976528570731,0.8676680175431448,0.8355731666445726,0.8345925341007793,0.9864095350980381,0.9883895598237814,0.9852546324833696,0.17403232206606123,0.05955962101137854,0.031945104961363414,0.002046287939091988,0.003626378253087462,0.0033539878689195237,0.004249613847809681,0.002046287939091988,0.0031429945731181797,0.003834513866860025,0.004052396557906348,0.0009593288146285327,0.001142552203247854,0.0031352131173032947,0.021663283310851177,0.004877382237934501,0.0037654969410897124,3
TCGA-KIPAN,svm_early,0.25,0.8804972744988802,0.8526829778684161,0.8951173742589406,0.8410098558728257,0.8804972744988802,0.8744445585782357,0.8207841718880147,0.8197150705006786,0.9823561638762403,0.9865254881333231,0.9701976154030483,0.20133130361362261,0.07416755277206456,0.034710499006821126,0.021817305317814045,0.020401445530002924,0.012292116654403001,0.01629790132000727,0.021817305317814045,0.012249552912562219,0.017633657292118198,0.01799330322508276,0.01023961762902963,0.002631753912562988,0.021156361409864988,0.036861815486244384,0.013888817904469646,0.007342315664025228,3
TCGA-KIPAN,svm_early,0.5,0.8714645754021241,0.8472951202247884,0.8939140846243544,0.8612040799733932,0.8714645754021241,0.8823997810728494,0.8248708446702361,0.8149271200556761,0.9740790160509197,0.9842923119020094,0.954233585521629,0.24248107249623116,0.08687487060248193,0.04528648341978402,0.0062801335441304606,0.011784923476659432,0.022026398619265083,0.015665426437704695,0.0062801335441304606,0.014189188863892616,0.009814875043247212,0.008235646485382492,0.0027043483115836288,0.001210108757217111,0.004044494969008491,0.028060410800246016,0.006905081180520097,0.006131917090808214,3
TCGA-KIPAN,svm_early,0.75,0.9111341734184175,0.9018141382918193,0.9328828828828829,0.9121771556829615,0.9111341734184175,0.9305144116406829,0.8794020326578494,0.8727429132713894,0.975788280337671,0.9846835355042697,0.9548193989324149,0.25129188838191646,0.09477470935392622,0.04427939628333658,0.0025331822814744663,0.005518062455330406,0.0036935391914512104,0.007073647291153148,0.0025331822814744663,0.004345118153462455,0.006745652087389475,0.006623898918445373,0.0018439260847875998,0.0005669793012799645,0.004617591889406589,0.01465337397351472,0.004597641002587562,0.0005839053258185219,3
TCGA-KIPAN,svm_early,1.0,0.9248404530319673,0.9109944269974551,0.9443154457403997,0.9070101764094134,0.9248404530319673,0.9458413213174125,0.8993847676906025,0.8979008212743776,0.9741462160246369,0.9840433334164739,0.951309199139415,0.24039668542504064,0.09068090022735986,0.04212682934889922,0.0014471031798992888,0.000596017863419746,0.0008851823180376057,0.0004094655655290669,0.0014471031798992888,0.000836270986232886,0.0015192295430743958,0.0015674986204371434,0.00028647469769173646,0.00011379435734160549,0.0013360522393097362,0.0024583106613174674,0.0008482920687112005,0.0005134287957299753,3
TCGA-LGG,integrao,0.0,0.6604226463720059,0.6573924969602566,0.6598022964689632,0.6651950510877641,0.6604226463720059,0.6574156511446073,0.32552097271094066,0.3200941368368444,0.7390565151183869,0.7390565151183869,0.741308938560449,0.6054108678163587,0.41607980693301855,0.11886212988844441,0.006488108054680543,0.007247982299585888,0.006519145120909074,0.00591801008265321,0.006488108054680543,0.00725793460834372,0.012326827002535935,0.01301820664923532,0.004664019459063827,0.004664019459063827,0.005096169442008978,0.0030688538702625667,0.0031519072376314785,0.008921821734073253,3
TCGA-LGG,integrao,0.25,0.6564789682545674,0.653052880418288,0.6558008027589405,0.6607595327009131,0.6564789682545674,0.6532446820817591,0.3171280832863832,0.3120619834943517,0.7355447232082174,0.7355447232082174,0.7387546222775735,0.621424098417836,0.42127802557136956,0.11908351181763847,0.008990179890259306,0.010041345356545706,0.008809283275233374,0.00737355739611763,0.008990179890259306,0.010213306241101252,0.016411125197224073,0.017479684084881507,0.00878933987392669,0.00878933987392669,0.007238430989106158,0.021610394972901275,0.007900307926674467,0.004224057043703461,3
TCGA-LGG,integrao,0.5,0.6640201685516786,0.661365976654634,0.663001430511979,0.6673309781803837,0.6640201685516786,0.6614659557808329,0.33129130729654177,0.3268286821335395,0.7455555145415128,0.7455555145415128,0.7514056145505843,0.5971845082890274,0.4104660199653177,0.11385949284193324,0.00886212916821157,0.008915069810115724,0.008874969551606176,0.007371514747174515,0.00886212916821157,0.00925715355282903,0.016204254084572045,0.017515945004480792,0.013941924599727392,0.013941924599727392,0.010506464578014251,0.008007408365749919,0.008873752776645415,0.010459661098127362,3
TCGA-LGG,integrao,0.75,0.671843542698895,0.6691199031206687,0.6707480029048657,0.6751594203582029,0.671843542698895,0.6692431986547248,0.34695362753065656,0.34240155789923227,0.7530917161173108,0.7530917161173108,0.7556567049553674,0.5877633572847755,0.4041363829535886,0.10973787543055251,0.00833533611661802,0.00835426573921181,0.008106019658717387,0.00818456869141664,0.00833533611661802,0.008385932580198657,0.01650642461729541,0.016267359719925874,0.0033095545693642143,0.0033095545693642143,0.0030426051903912985,0.0066800090788720415,0.003964374799605556,0.0051826658039809455,3
TCGA-LGG,integrao,1.0,0.6666705299070793,0.6639852439205934,0.6653708275085086,0.6686061089371327,0.6666705299070793,0.6642160899978805,0.33525590196075344,0.33181525256992556,0.7501220107036367,0.7501220107036367,0.7523042828030239,0.5876018208931212,0.4066231852664804,0.10570266264245358,0.0061671634361566965,0.006022384139080317,0.005953700013703489,0.006460761002177278,0.0061671634361566965,0.005951280152222608,0.012628967485315019,0.012167832993330817,0.007525913556777706,0.007525913556777706,0.00898157531089697,0.008231170030566892,0.006182013945833157,0.007757460428071029,3
TCGA-LGG,logreg_early,0.0,0.634301486560737,0.6319799477611576,0.6345104895104895,0.6371195372854968,0.634301486560737,0.6322965556456382,0.27137935205202374,0.2684053873006433,0.6899147128303912,0.6899147128303912,0.692153252203898,1.2008572614067072,0.5550613393426619,0.24070782530090504,0.013356801446316457,0.014449633630690982,0.013250261821249987,0.012488337030610358,0.013356801446316457,0.014410017581253551,0.0258706231452959,0.026664807381831707,0.011171679208418777,0.011171679208418777,0.009246369296377866,0.04549657255350299,0.02057241289722318,0.015107047858045921,3
TCGA-LGG,logreg_early,0.25,0.654551185772806,0.6522479507286593,0.6552067031820553,0.658953373599054,0.654551185772806,0.6528945200392974,0.3134187655090423,0.3090507310257358,0.7121814961262846,0.7121814961262846,0.7088397691108143,1.1902922113902608,0.529125944009255,0.22762276120503797,0.02709090298732583,0.0276887462436223,0.027062821414356224,0.026490186179050523,0.02709090298732583,0.027920665563208286,0.05358196405100472,0.05396303112978855,0.029878330202925393,0.029878330202925456,0.021683012646239813,0.13672352985637384,0.04476901059442472,0.023901325090440198,3
TCGA-LGG,logreg_early,0.5,0.6591990978362395,0.6573361133958134,0.6594170363157704,0.6618007627812288,0.6591990978362395,0.6578702014575316,0.3209699052296667,0.31796124475475507,0.7205732144897384,0.7205732144897384,0.7209043067819696,1.1366916768359958,0.5202137535982504,0.21900913386641727,0.012717223190562782,0.012203879232294273,0.01265510698381728,0.014141220193201312,0.012717223190562782,0.012254291667748636,0.02680445600200478,0.025386933961784985,0.014772810524155109,0.01477281052415509,0.013594454104139665,0.07568295647939143,0.023553893244055428,0.017345264501178303,3
TCGA-LGG,logreg_early,0.75,0.6654061789986586,0.6632136469574111,0.6645751633986928,0.6678716306950485,0.6654061789986586,0.6633631150792046,0.33324761552148613,0.3299685234685075,0.7226447127097534,0.7226447127097534,0.7228849827757872,1.1543100692001194,0.5144127314627068,0.2177275955717748,0.004724687533191637,0.005636663323514515,0.005038618005806038,0.0037454524957389124,0.004724687533191637,0.0056196593411588155,0.008455379265973704,0.00965818961357784,0.008616336147522453,0.008616336147522453,0.008476817580294957,0.0557087604777025,0.010607864855340387,0.007993494244026346,3
TCGA-LGG,logreg_early,1.0,0.6608210900933077,0.6588720211039677,0.6609372511546425,0.6633733520971824,0.6608210900933077,0.6596079809016014,0.32416330977355545,0.3209964672080433,0.7212051199385087,0.7212051199385087,0.71628869814114,1.1679883402200872,0.516824629378271,0.21744783388029065,0.01362046998577336,0.01347798652512765,0.013149146324977956,0.013651404235100187,0.01362046998577336,0.013256362990789293,0.02727616394484945,0.02709226597877122,0.020155849249142755,0.020155849249142814,0.022026853007782028,0.10797237174272514,0.024767309059771092,0.013943878958081855,3
TCGA-LGG,logreg_late,0.0,0.6647558064036955,0.6608284726780246,0.6633346283346283,0.670954678830744,0.6647558064036955,0.6605618563767904,0.33556323445435204,0.328301646363899,0.7219972695008273,0.7219972695008273,0.727891150772907,0.6110362023019237,0.42547866512023824,0.1161778582871731,0.016052308721535694,0.016132200839641696,0.015663392488296034,0.016022174021320425,0.016052308721535694,0.016006206898117735,0.03205404241893095,0.03181499250781585,0.015783599386938407,0.015783599386938407,0.014599073799223565,0.01025907925256467,0.009516625773985071,0.0038589192101010678,3
TCGA-LGG,logreg_late,0.25,0.6690792960762001,0.6639493145154027,0.6676360632933402,0.6770323336204308,0.6690792960762001,0.6638407789158906,0.3457699348571415,0.3367946882994424,0.7374390979112341,0.7374390979112341,0.7404963271300771,0.6007257070451159,0.4160663372967319,0.1056197404598664,0.02050630558487161,0.02238281248181419,0.02026221050264896,0.01705358490807609,0.02050630558487161,0.02258549652948075,0.037849813673928576,0.04048202186433188,0.01853061749528,0.01853061749528,0.013387791188749472,0.017205812674193653,0.01349338093721859,0.0032058082225764036,3
TCGA-LGG,logreg_late,0.5,0.678088133803795,0.6742202479080657,0.6760593602365753,0.683857972360518,0.678088133803795,0.6739952891719829,0.3618338545216275,0.354173422041922,0.7440946301906757,0.7440946301906757,0.7469746745850111,0.591907305867284,0.40939797861559457,0.10179692864657043,0.00837041207093032,0.008232534476245156,0.00825958075674277,0.009078695576504394,0.00837041207093032,0.008364201867246545,0.0172140096622027,0.01648844498317206,0.002986263042656348,0.002986263042656348,0.003435850922496431,0.001764659420114612,0.0021396137492648744,0.00657593621665406,3
TCGA-LGG,logreg_late,0.75,0.6852694458131451,0.6806965853283343,0.6824183006535948,0.6906026885973778,0.6852694458131451,0.6802063822299295,0.3757600889663532,0.36809476487466647,0.7497552626536367,0.7497552626536366,0.7505669773738392,0.5897522819575326,0.4070739498368725,0.10073463320982763,0.008135279607825742,0.007702969582630719,0.007858644799867118,0.009684355615288708,0.008135279607825742,0.007709158749347951,0.017743933575162223,0.015817337114097735,0.009840966808133332,0.009840966808133308,0.007268740137975947,0.007144876779284628,0.00639962681833763,0.00877726836806227,3
TCGA-LGG,logreg_late,1.0,0.6819037851222237,0.6776367544349702,0.6790326219674045,0.6854637857231772,0.6819037851222237,0.6773384277798891,0.3673177740697315,0.36113687216528584,0.751891779585924,0.751891779585924,0.7486959631532003,0.587157089344985,0.4038220481401444,0.09105632751881793,0.011285369153457889,0.011347504881038972,0.011575684223645489,0.011570665808143085,0.011285369153457889,0.011429686573060713,0.022850999855387272,0.022747500143301496,0.013016147851684956,0.013016147851684956,0.013674481204426228,0.009451738537589707,0.007457774479309088,0.008311019302901443,3
TCGA-LGG,mofa,0.0,0.6677213941811111,0.6623408245832709,0.6659677976344643,0.6756535981329996,0.6677213941811111,0.6619398914917534,0.34318714721212845,0.33407881287556646,0.7271607650269295,0.727160988027627,0.729827573479363,1.3571784985331077,0.4524624186202106,0.14284730851271008,0.013176969260392564,0.013935656992436119,0.012798208037094602,0.011834502240101198,0.013176969260392564,0.013788607375494704,0.025020108207427155,0.026246771359397854,0.008811264859752426,0.008810886681999065,0.010209696889844012,0.7509557587480844,0.023167474080326437,0.01893611461971937,3
TCGA-LGG,mofa,0.25,0.6713576829620002,0.6662593360986125,0.669144858865125,0.6783882785417935,0.6713576829620002,0.6658841234364513,0.349540571306495,0.34093797779239104,0.7327860090149393,0.732785780611933,0.7315557982093054,1.1077927617559122,0.4411723987551735,0.13679398369031767,0.0056336409572868475,0.007191319146013317,0.006850469577231965,0.006298945060923032,0.0056336409572868475,0.007256750469377864,0.01184816491478411,0.012231104662262442,0.0028749147360589895,0.0028752374354065434,0.001967219165827038,0.511308483493733,0.012756824608312666,0.010100421283746159,3
TCGA-LGG,mofa,0.5,0.6740163647603742,0.6687446133558677,0.6710690973349202,0.6811542359347994,0.6740163647603742,0.6681967976931317,0.35499798827486656,0.34546592485570127,0.739317593955722,0.739317541305502,0.7409493332403395,0.8977751610659763,0.4301715647845574,0.12775334818059986,0.010871436382301774,0.010237201514409012,0.009967495691778851,0.010853695247768165,0.010871436382301774,0.010233001583834824,0.0214722724543323,0.020793569715757187,0.015935120301655253,0.015935124636525903,0.014032300843964247,0.4589947958491561,0.020117858349058625,0.0146270200972399,3
TCGA-LGG,mofa,0.75,0.6853265662496693,0.6798655593918946,0.6818954248366014,0.6923772383781136,0.6853265662496693,0.6792121123258346,0.3775601003567565,0.3676907753114098,0.7420293860009307,0.7420294041160851,0.7401233630697783,0.9934763749385042,0.42839899094998685,0.12270940470942014,0.002520962104261006,0.002890374890011122,0.0025823197732206555,0.0024023452668405767,0.002520962104261006,0.002970386411880398,0.004915440592870766,0.004888317948310616,0.004322475428001627,0.004322453769116922,0.0028441696123286727,0.3531929819296175,0.005533410671732459,0.0044249962115733375,3
TCGA-LGG,mofa,1.0,0.6822772729403405,0.6763317515679126,0.6780288350940524,0.6872599098244953,0.6822772729403405,0.6755762308098996,0.36944560613081473,0.36092060398056186,0.7439158260227785,0.7439158260227785,0.7394932140989839,0.8734306925796345,0.424511312582646,0.1164409973186643,0.004927429260978825,0.004152034057691915,0.004361607785179601,0.006108345420757701,0.004927429260978825,0.003981626481354756,0.011014166275792698,0.009360697903899417,0.008255713021589306,0.008255713021589332,0.008608980315668445,0.2049989156388461,0.009191445704065746,0.005775862975888204,3
TCGA-LGG,pca_logreg,0.0,0.6354748514956651,0.6323244146476461,0.6348679098679099,0.6390516301177778,0.6354748514956651,0.6323402440272875,0.2744576090756714,0.2703060362961139,0.6823395812602358,0.6823395751105666,0.6852816729624625,1.184831161706901,0.5224365750851142,0.20329442465233757,0.002437498240483922,0.0024125666415185814,0.0023211669103117435,0.002791351239358911,0.002437498240483922,0.0022941865180367313,0.005149121638853717,0.004844827995304942,0.00019820335242381952,0.00019819380672046296,0.0016131158362040936,0.07857219251084113,0.004862932570900358,0.007953017791187782,3
TCGA-LGG,pca_logreg,0.25,0.6468768242607252,0.6436053351452394,0.6459749753666029,0.6510977412657318,0.6468768242607252,0.6437072494412144,0.29788335166074864,0.29276189651467105,0.6997529239183006,0.6997529636405626,0.698236110988185,1.1098957576689301,0.49961181219121426,0.1846127893953575,0.019863687783121968,0.01901013113076954,0.019237498484900136,0.020860477618209004,0.019863687783121968,0.019215382068972022,0.04070077658907364,0.038808432158025805,0.02454797624764313,0.02454793565861501,0.019346852411899897,0.035444670853849815,0.025960397585901063,0.0113183655017772,3
TCGA-LGG,pca_logreg,0.5,0.6616870608602351,0.65889254181837,0.6607201245386899,0.664997173996405,0.6616870608602351,0.659002423762911,0.32663025594851325,0.3222389547797775,0.7205393960364126,0.7205394255230174,0.7198946414031143,1.063929814442462,0.4776463766299039,0.17435504535627266,0.009133113390323563,0.008704406228123128,0.009159819526055398,0.010065004427367023,0.009133113390323563,0.008880235306978516,0.019117376663350425,0.018086845056731318,0.005989177008839841,0.005989186750474139,0.004979290689774895,0.0073415467834224086,0.01194364123595897,0.008855840977582916,3
TCGA-LGG,pca_logreg,0.75,0.6583968638507933,0.6554217198529969,0.6567755991285403,0.6612654201561284,0.6583968638507933,0.6553500929836891,0.3196229797590107,0.31528283231150955,0.7121919528391412,0.7121922308396682,0.7081259155370323,1.2339422215383493,0.48375808107446144,0.1734204265209943,0.0039033564082054913,0.0042694022548111716,0.004138516123538266,0.0036616106915154712,0.0039033564082054913,0.004253229383248393,0.007559799112036092,0.008089174302969813,0.009699556402241585,0.009699639664845675,0.009600573517290482,0.05286212239660805,0.010951302164183385,0.004607102638431199,3
TCGA-LGG,pca_logreg,1.0,0.6565439353057017,0.6531004263078883,0.6546915644741732,0.6593067291977196,0.6565439353057017,0.6531482819262996,0.31580457158440295,0.3112377115409853,0.7149762559903671,0.7149762327142639,0.709978186790078,1.1288232704409527,0.4797653701298364,0.16613951703653607,0.009508781583809495,0.00960923450314918,0.009510651648324799,0.0095491727472452,0.009508781583809495,0.009620203847353324,0.019068314594934507,0.018914162614702603,0.010034094158652977,0.010033785353747698,0.01014442641163025,0.028310693184800437,0.009137733279603225,0.0053584048771937514,3
TCGA-LGG,pnet,0.0,0.64340778249499,0.6410476622800999,0.6434421134421134,0.6466230194249802,0.64340778249499,0.6412881975609498,0.2899826148771829,0.2865547866823112,0.6958075100129838,0.6958075100129838,0.6972993701645888,0.775093777685155,0.49554823505016915,0.19055085246021064,0.003952151692575878,0.004457581450672162,0.0039045358771813425,0.004042388305593157,0.003952151692575878,0.004401826831589049,0.007945031378647922,0.007994994328907833,0.00462025462294416,0.00462025462294416,0.004518996939179334,0.020775439565560997,0.007276614909707708,0.004245091233032141,3
TCGA-LGG,pnet,0.25,0.6667164407076687,0.6634489902394088,0.6662722908093278,0.6717215295664102,0.6667164407076687,0.6637307759862545,0.3383129655464851,0.33259472790904115,0.7310500636363496,0.7310500636363496,0.7315421204023043,0.6634865292821367,0.4427452984466447,0.14565516316167407,0.02028575295572559,0.021011258480326332,0.020220806890155003,0.019594397170600505,0.02028575295572559,0.02121215201770457,0.039866996059626646,0.0401447284892739,0.02365653086017645,0.02365653086017645,0.02233177423275064,0.05408082000433191,0.029080742750887276,0.024880409158044365,3
TCGA-LGG,pnet,0.5,0.6644679731603257,0.6620795159391456,0.663870556697561,0.6676982807041543,0.6644679731603257,0.6623112425386832,0.332115598284958,0.3280500648267461,0.7282626163414488,0.7282626163414488,0.7317250591636274,0.67172304431587,0.4441395301833822,0.1483151042836156,0.006568920073173283,0.006990289002385011,0.006938604641903972,0.006410337093911779,0.006568920073173283,0.007159611117845434,0.012849968012984827,0.013382613889067443,0.004695437434552975,0.004695437434552975,0.0016452970771509811,0.046054158145386985,0.01507294697411762,0.02055172667798059,3
TCGA-LGG,pnet,0.75,0.6647732899607335,0.6611349674084064,0.6635584604212056,0.6703649637718566,0.6647732899607335,0.6611736719079434,0.33495749038898054,0.3283466180662474,0.7348868799406287,0.7348868799406287,0.7362376142134801,0.6728238446266547,0.44314190366428025,0.1443213611083699,0.012567509493695473,0.01278395407866521,0.012945234821595031,0.013032750804811703,0.012567509493695473,0.012966377790548485,0.025542193672304866,0.025454363746027404,0.013941581898510358,0.013941581898510358,0.010885603229807157,0.05753796037197351,0.024215229568468458,0.025388370682270577,3
TCGA-LGG,pnet,1.0,0.6724310547111857,0.6698237952204242,0.6713163513888153,0.6750776150379739,0.6724310547111857,0.6701128704804774,0.3474723817271033,0.34345069771005104,0.7374512909886896,0.7374512909886896,0.7374614143565225,0.6564606328740744,0.4370136720944062,0.13686939564084336,0.0055603796807017205,0.005223403025082936,0.005407705608015631,0.006100354341379176,0.0055603796807017205,0.005169085916460161,0.011654345263004127,0.011000596483964996,0.009126667907979046,0.009126667907979046,0.010518867104870069,0.02906285505060184,0.014241356848005959,0.012981179142027382,3
TCGA-LGG,svm_early,0.0,0.619622697563874,0.5972379640244757,0.6213817663817663,0.592568129878572,0.619622697563874,0.598631716344947,0.2425221436098796,0.23899686777367948,0.698849063951501,0.698849063951501,0.7024777039940092,1.1040584824347346,0.5467928508184908,0.23704832709395562,0.010973784587806158,0.011764030883856292,0.010778074269805626,0.01048620369279056,0.010973784587806158,0.011685438925475725,0.02146191957167373,0.021869624742082937,0.007110264438820799,0.007110264438820799,0.005154549734024823,0.01726267481086937,0.014562029025708335,0.009700616517555454,3
TCGA-LGG,svm_early,0.25,0.635522776025872,0.6123094903616376,0.6361828377673447,0.6087788790277776,0.635522776025872,0.6130402371438545,0.27528118982745353,0.2709011144682892,0.7123455826616301,0.7123455826616301,0.7118178422375818,1.0955053502742071,0.5276737834793308,0.2276566623634757,0.02231860843522375,0.022310140545439165,0.020845171972737123,0.020845055758759366,0.02231860843522375,0.021656384882928623,0.04390904368492554,0.044374309100893836,0.024747671799605308,0.02474767179960525,0.02119437392426578,0.11445289190759991,0.03977730721403795,0.02018810616290814,3
TCGA-LGG,svm_early,0.5,0.6374118393819131,0.6143272521505456,0.6372939882433554,0.6094622106372362,0.6374118393819131,0.614714195470088,0.27811492945185445,0.27428811513086643,0.7207743978237667,0.7207743978237667,0.7218372315485562,1.045274125020972,0.5183163567578436,0.22196436070908354,0.008251899728537118,0.007351235163726546,0.007293710245267059,0.009150182946621812,0.008251899728537118,0.006780049232815097,0.017666686711340737,0.016442377243293366,0.008818878093523918,0.008818878093523918,0.008199080892185117,0.06140966375585123,0.015877618512757062,0.008801620355757047,3
TCGA-LGG,svm_early,0.75,0.6437175703512086,0.6195854685857597,0.6411111111111111,0.6149711552925233,0.6437175703512086,0.6185611994220503,0.2907766759521469,0.2865876650548104,0.7262802311735239,0.7262802311735239,0.7267681187720791,1.0491108595280956,0.510810615526759,0.2179562205785923,0.0010014682448299058,0.0014592935898635516,0.0017270863087220827,0.000596884289388478,0.0010014682448299058,0.0019943638197334568,0.0017482612964388221,0.002244952083011403,0.00483299980951853,0.00483299980951853,0.0060805856327093444,0.040346485031377,0.006648226931646295,0.0029549089653251614,3
TCGA-LGG,svm_early,1.0,0.6386646833386868,0.6149176420536405,0.6368576471837342,0.6092015976317048,0.6386646833386868,0.6144104797783685,0.27997190204125494,0.2766998093510211,0.7225881798426442,0.7225881798426442,0.7208004834871344,1.0691122163928168,0.5170502698122094,0.2180257048503003,0.011454167056647676,0.01138975545205684,0.011350502409714337,0.011885738022189923,0.011454167056647676,0.01129842751172748,0.02332960751848972,0.02298953685426581,0.01665257818156719,0.01665257818156719,0.01725150727485232,0.0716260348676371,0.020895303271481758,0.011908449010489834,3
